#
# A fatal error has been detected by the Java Runtime Environment:
#
#  EXCEPTION_ACCESS_VIOLATION (0xc0000005) at pc=0x00007fff9dd77a0d, pid=67056, tid=57996
#
# JRE version: Java(TM) SE Runtime Environment (21.0.1+12) (build 21.0.1+12-LTS-29)
# Java VM: Java HotSpot(TM) 64-Bit Server VM (21.0.1+12-LTS-29, mixed mode, sharing, tiered, compressed oops, compressed class ptrs, g1 gc, windows-amd64)
# Problematic frame:
# V  [jvm.dll+0x677a0d]
#
# No core dump will be written. Minidumps are not enabled by default on client versions of Windows
#
# If you would like to submit a bug report, please visit:
#   https://bugreport.java.com/bugreport/crash.jsp
#

---------------  S U M M A R Y ------------

Command Line: -agentlib:jdwp=transport=dt_socket,address=127.0.0.1:63940,suspend=y,server=n -javaagent:C:\Users\rikay\AppData\Local\JetBrains\IntelliJIdea2026.1\captureAgent\debugger-agent.jar=file:///C:/Users/rikay/AppData/Local/Temp/capture10778482256868000294.props -agentpath:C:\Users\rikay\AppData\Local\Temp\idea_libasyncProfiler_dll_temp_folder1902\libasyncProfiler.dll=version,jfr,event=wall,interval=10ms,cstack=no,file=C:\Users\rikay\IdeaSnapshots\OnpromToolkit_2026_04_28_143933.jfr,dbghelppath=C:\Users\rikay\AppData\Local\Temp\idea_dbghelp_dll_temp_folder7\dbghelp.dll,log=C:\Users\rikay\AppData\Local\Temp\OnpromToolkit_2026_04_28_143933.jfr.log.txt,logLevel=DEBUG -Dkotlinx.coroutines.debug.enable.creation.stack.trace=false -Ddebugger.agent.enable.coroutines=true -Dkotlinx.coroutines.debug.enable.flows.stack.trace=true -Dkotlinx.coroutines.debug.enable.mutable.state.flows.stack.trace=true -Ddebugger.async.stack.trace.for.all.threads=true -Dfile.encoding=UTF-8 -Dsun.stdout.encoding=UTF-8 -Dsun.stderr.encoding=UTF-8 it.unibz.inf.onprom.OnpromToolkit

Host: 11th Gen Intel(R) Core(TM) i7-1165G7 @ 2.80GHz, 8 cores, 15G,  Windows 11 , 64 bit Build 26100 (10.0.26100.8246)
Time: Tue Apr 28 16:10:46 2026 W. Europe Daylight Time elapsed time: 5473.001902 seconds (0d 1h 31m 13s)

---------------  T H R E A D  ---------------

Current thread (0x00000280817b8390):  JavaThread "Async-profiler Timer" daemon [_thread_in_vm, id=57996, stack(0x000000918bb00000,0x000000918bc00000) (1024K)]

Stack: [0x000000918bb00000,0x000000918bc00000],  sp=0x000000918bbfefc0,  free space=1019k
Native frames: (J=compiled Java code, j=interpreted, Vv=VM code, C=native code)
V  [jvm.dll+0x677a0d]
V  [jvm.dll+0x53c120]
C  [libasyncProfiler.dll+0x32d32]


siginfo: EXCEPTION_ACCESS_VIOLATION (0xc0000005), reading address 0x0000000000000013


Registers:
RAX=0x000000000000000b, RBX=0x0000028086443bd8, RCX=0x0000028083e61db0, RDX=0x00000280817b8390
RSP=0x000000918bbfefc0, RBP=0x0000028083e61db0, RSI=0x000000918bbff070, RDI=0x000002804ccfb2c0
R8 =0x000000918bbff070, R9 =0x00007fff9dc3c020, R10=0x000002804cc00000, R11=0x000000918bbfefb8
R12=0x0000000000000000, R13=0x0000000000000016, R14=0x000002804ccfb2c0, R15=0x000002804effc058
RIP=0x00007fff9dd77a0d, EFLAGS=0x0000000000010202


Register to memory mapping:

RAX=0x000000000000000b is an unknown value
RBX=0x0000028086443bd8 is pointing into metadata
RCX=0x0000028083e61db0 points into unknown readable memory: 0x0000028086443bd8 | d8 3b 44 86 80 02 00 00
RDX=0x00000280817b8390 is a thread
RSP=0x000000918bbfefc0 is pointing into the stack for thread: 0x00000280817b8390
RBP=0x0000028083e61db0 points into unknown readable memory: 0x0000028086443bd8 | d8 3b 44 86 80 02 00 00
RSI=0x000000918bbff070 is pointing into the stack for thread: 0x00000280817b8390
RDI=0x000002804ccfb2c0 points into unknown readable memory: 0x00007fff9e2c5040 | 40 50 2c 9e ff 7f 00 00
R8 =0x000000918bbff070 is pointing into the stack for thread: 0x00000280817b8390
R9 =0x00007fff9dc3c020 jvm.dll
R10=0x000002804cc00000 points into unknown readable memory: 0x0000000000000000 | 00 00 00 00 00 00 00 00
R11=0x000000918bbfefb8 is pointing into the stack for thread: 0x00000280817b8390
R12=0x0 is null
R13=0x0000000000000016 is an unknown value
R14=0x000002804ccfb2c0 points into unknown readable memory: 0x00007fff9e2c5040 | 40 50 2c 9e ff 7f 00 00
R15=0x000002804effc058 points into unknown readable memory: 0x0000000000800000 | 00 00 80 00 00 00 00 00

Top of Stack: (sp=0x000000918bbfefc0)
0x000000918bbfefc0:   000000918bbff040 000002804ccfb2c0
0x000000918bbfefd0:   00000007fee146f8 00007fff9dc318f6
0x000000918bbfefe0:   00000280817b8390 00007fff9dc3c120
0x000000918bbfeff0:   00000280817b8390 0000000000000000
0x000000918bbff000:   000002804ccfb2c0 00007fffe96d2dbe
0x000000918bbff010:   00000280817b8390 0000000000000000
0x000000918bbff020:   0000009100000000 0000000000000000
0x000000918bbff030:   000000918bbff0a0 00007fffe96d2d32
0x000000918bbff040:   000002804ccfb2c0 000000918bbff170
0x000000918bbff050:   0000028076ae8540 00007ff860edce54
0x000000918bbff060:   000000918bbff2c8 00007fffe9700d69
0x000000918bbff070:   0000028048981278 000000918bbff310
0x000000918bbff080:   000000918bbff170 0000028076ae8540
0x000000918bbff090:   000000918bbff0b8 000000918bbff0a1
0x000000918bbff0a0:   0000000000010100 0000000000000001
0x000000918bbff0b0:   000002804effc058 00000000000002c0
0x000000918bbff0c0:   000002804ccfb2c0 000000918bbff310
0x000000918bbff0d0:   0000000000000000 000002804ccb0000
0x000000918bbff0e0:   000000918bbff329 00007ff860edcd14
0x000000918bbff0f0:   0000028000000002 0000000000000000
0x000000918bbff100:   0000000000000000 0000000000000000
0x000000918bbff110:   0000000000000000 0000000000000000
0x000000918bbff120:   0000000000000040 000002804ccb0000
0x000000918bbff130:   0000000000000004 0000000000000010
0x000000918bbff140:   0000000000000030 00007ff800000000
0x000000918bbff150:   000002804cc03540 000002804cc002b0
0x000000918bbff160:   0000000000000030 0000000000000000
0x000000918bbff170:   0000000000000048 0000000000000040
0x000000918bbff180:   000002804cc00000 000002804cc00e10
0x000000918bbff190:   0000000000100568 0000000000000000
0x000000918bbff1a0:   0000000000000000 0000000000000000
0x000000918bbff1b0:   0000000000000040 000002804ccb0000 

Instructions: (pc=0x00007fff9dd77a0d)
0x00007fff9dd7790d:   89 74 24 30 4c 8b 40 08 49 8b 40 08 4c 8b 40 18
0x00007fff9dd7791d:   49 8b b0 98 00 00 00 4c 8b c2 48 8b d1 48 8b ce
0x00007fff9dd7792d:   e8 1e 6d 00 00 48 83 7f 08 00 48 8b c8 74 1c e8
0x00007fff9dd7793d:   8f 14 be ff 48 8b 74 24 30 c6 05 f5 fa 59 00 01
0x00007fff9dd7794d:   48 8b 5c 24 38 48 83 c4 20 5f c3 48 8b 13 33 c0
0x00007fff9dd7795d:   f0 48 0f b1 4a 10 74 0b 48 8b d1 48 8b ce e8 f0
0x00007fff9dd7796d:   fa ff ff 48 8b 74 24 30 48 8b 5c 24 38 48 83 c4
0x00007fff9dd7797d:   20 5f c3 48 8b 51 08 4c 8b c1 48 8b 42 08 8b 52
0x00007fff9dd7798d:   1c c1 ea 06 48 8b 48 18 8b 81 a4 00 00 00 f6 c2
0x00007fff9dd7799d:   01 75 24 48 85 c9 74 14 8b c8 c1 e9 09 f6 c1 01
0x00007fff9dd779ad:   74 0a 41 f7 40 28 02 04 00 00 74 0b 41 0b 40 28
0x00007fff9dd779bd:   a8 10 74 03 b0 01 c3 41 83 78 2c fe 0f 94 c0 c3
0x00007fff9dd779cd:   cc cc cc 48 8b 41 08 48 8b 48 08 48 8b 05 49 d5
0x00007fff9dd779dd:   5c 00 48 8b 51 18 48 39 42 18 0f 95 c0 c3 cc cc
0x00007fff9dd779ed:   cc cc cc 40 53 48 83 ec 20 48 85 c9 74 37 48 8b
0x00007fff9dd779fd:   19 48 85 db 74 2f 48 83 fb 37 74 29 48 8b 43 08
0x00007fff9dd77a0d:   48 8b 48 08 48 8b 49 18 48 8b 89 98 00 00 00 e8
0x00007fff9dd77a1d:   3f be ba ff 33 c9 84 c0 48 0f 45 cb 48 8b c1 48
0x00007fff9dd77a2d:   83 c4 20 5b c3 33 c0 48 83 c4 20 5b c3 cc cc cc
0x00007fff9dd77a3d:   cc cc cc 40 53 56 41 56 41 57 48 83 ec 28 48 8b
0x00007fff9dd77a4d:   41 08 33 f6 4c 8b f1 48 8b 50 08 4c 8b 7a 18 49
0x00007fff9dd77a5d:   8b 9f 68 01 00 00 48 85 db 0f 84 d1 00 00 00 8b
0x00007fff9dd77a6d:   15 b6 24 5f 00 65 48 8b 0c 25 58 00 00 00 48 89
0x00007fff9dd77a7d:   7c 24 58 4c 89 64 24 60 4c 89 6c 24 20 41 bd ff
0x00007fff9dd77a8d:   ff 00 00 4c 8d 24 d1 41 b8 70 00 00 00 48 89 6c
0x00007fff9dd77a9d:   24 50 90 0f b7 48 24 48 8b 7b 10 66 39 4b 08 75
0x00007fff9dd77aad:   6c 0f b7 48 26 66 39 4b 0a 75 5e 48 63 53 04 0f
0x00007fff9dd77abd:   b6 0b 49 8b 2c 24 88 4c 02 38 41 8b c0 80 3c 28
0x00007fff9dd77acd:   00 75 05 e8 2b cf 27 00 b8 20 00 00 00 49 8b ce
0x00007fff9dd77add:   48 8b 14 28 e8 1a 34 b7 ff 48 85 c0 74 05 66 44
0x00007fff9dd77aed:   01 68 2a 48 85 f6 74 06 48 89 7e 10 eb 07 49 89
0x00007fff9dd77afd:   bf 68 01 00 00 48 8b cb e8 86 6f a4 ff 49 8b 46 


Stack slot to memory mapping:

stack at sp + 0 slots: 0x000000918bbff040 is pointing into the stack for thread: 0x00000280817b8390
stack at sp + 1 slots: 0x000002804ccfb2c0 points into unknown readable memory: 0x00007fff9e2c5040 | 40 50 2c 9e ff 7f 00 00
stack at sp + 2 slots: 0x00000007fee146f8 is an oop: java.lang.Class 
{0x00000007fee146f8} - klass: 'java/lang/Class'
 - ---- fields (total size 15 words):
 - private volatile transient 'classRedefinedCount' 'I' @12  0 (0x00000000)
 - injected 'klass' 'J' @16  2748800768936 (0x00000280014b1ba8)
 - injected 'array_klass' 'J' @24  0 (0x0000000000000000)
 - injected 'oop_size' 'I' @32  15 (0x0000000f)
 - injected 'static_oop_field_count' 'I' @36  1 (0x00000001)
 - private volatile transient 'cachedConstructor' 'Ljava/lang/reflect/Constructor;' @40  null (0x00000000)
 - private transient 'name' 'Ljava/lang/String;' @44  "it.unibz.inf.ontop.spec.mapping.parser.impl.AbstractTurtleOBDAParser"{0x00000007056b1a98} (0xe0ad6353)
 - private transient 'module' 'Ljava/lang/Module;' @48  a 'java/lang/Module'{0x0000000705024548} (0xe0a048a9)
 - private final 'classLoader' 'Ljava/lang/ClassLoader;' @52  a 'jdk/internal/loader/ClassLoaders$AppClassLoader'{0x0000000704fbd0f0} (0xe09f7a1e)
 - private transient 'classData' 'Ljava/lang/Object;' @56  null (0x00000000)
 - private transient 'packageName' 'Ljava/lang/String;' @60  "it.unibz.inf.ontop.spec.mapping.parser.impl"{0x00000007061a1970} (0xe0c3432e)
 - private final 'componentType' 'Ljava/lang/Class;' @64  null (0x00000000)
 - private volatile transient 'reflectionData' 'Ljava/lang/ref/SoftReference;' @68  a 'java/lang/ref/SoftReference'{0x00000007fee14770} (0xffdc28ee)
 - private volatile transient 'genericInfo' 'Lsun/reflect/generics/repository/ClassRepository;' @72  a 'sun/reflect/generics/repository/ClassRepository'{0x000000070522e0c8} (0xe0a45c19)
 - private volatile transient 'enumConstants' '[Ljava/lang/Object;' @76  null (0x00000000)
 - private volatile transient 'enumConstantDirectory' 'Ljava/util/Map;' @80  null (0x00000000)
 - private volatile transient 'annotationData' 'Ljava/lang/Class$AnnotationData;' @84  a 'java/lang/Class$AnnotationData'{0x00000007fee16380} (0xffdc2c70)
 - private volatile transient 'annotationType' 'Lsun/reflect/annotation/AnnotationType;' @88  null (0x00000000)
 - transient 'classValueMap' 'Ljava/lang/ClassValue$ClassValueMap;' @92  null (0x00000000)
 - injected 'protection_domain' 'Ljava/lang/Object;' @96  a 'java/security/ProtectionDomain'{0x00000007053f7020} (0xe0a7ee04)
 - injected 'signers_name' 'Ljava/lang/Object;' @100  null (0x00000000)
 - injected 'source_file' 'Ljava/lang/Object;' @104  "AbstractTurtleOBDAParser.java"{0x0000000706b1c640} (0xe0d638c8)
 - signature: Lit/unibz/inf/ontop/spec/mapping/parser/impl/AbstractTurtleOBDAParser;
 - ---- static fields (1):
 - private static final 'LOGGER' 'Lorg/slf4j/Logger;' @112  a 'ch/qos/logback/classic/Logger'{0x00000007056b1a68} (0xe0ad634d)
stack at sp + 3 slots: 0x00007fff9dc318f6 jvm.dll
stack at sp + 4 slots: 0x00000280817b8390 is a thread
stack at sp + 5 slots: 0x00007fff9dc3c120 jvm.dll
stack at sp + 6 slots: 0x00000280817b8390 is a thread
stack at sp + 7 slots: 0x0 is null


---------------  P R O C E S S  ---------------

Threads class SMR info:
_java_thread_list=0x000002807e624130, length=38, elements={
0x000002806eb12ac0, 0x000002806eb13520, 0x000002806eb17ac0, 0x000002806eb18760,
0x000002806eb18dd0, 0x000002806eb19830, 0x000002806eb1f250, 0x000002806eb3f220,
0x0000028057817590, 0x000002807301fc50, 0x00000280730204e0, 0x00000280730a63c0,
0x0000028073132f20, 0x000002807313ba30, 0x00000280734810e0, 0x0000028074a176e0,
0x000002807493dc30, 0x0000028074c2c430, 0x00000280753bbda0, 0x00000280753b8fb0,
0x00000280753b9640, 0x0000028043e21990, 0x00000280740c1f30, 0x00000280740c25c0,
0x000002804a229940, 0x000002804a2336c0, 0x00000280483035c0, 0x000002804830abe0,
0x0000028048314960, 0x000002804831b8f0, 0x000002804a85b280, 0x000002804a85f420,
0x000002804a8663b0, 0x00000280483207b0, 0x000002807dd1b730, 0x00000280817b7670,
0x00000280817b8390, 0x00000280817a5c40
}

Java Threads: ( => current thread )
  0x000002806eb12ac0 JavaThread "Reference Handler"          daemon [_thread_blocked, id=32380, stack(0x0000009189700000,0x0000009189800000) (1024K)]
  0x000002806eb13520 JavaThread "Finalizer"                  daemon [_thread_blocked, id=38460, stack(0x0000009189800000,0x0000009189900000) (1024K)]
  0x000002806eb17ac0 JavaThread "Signal Dispatcher"          daemon [_thread_blocked, id=10124, stack(0x0000009189900000,0x0000009189a00000) (1024K)]
  0x000002806eb18760 JavaThread "Attach Listener"            daemon [_thread_blocked, id=41348, stack(0x0000009189a00000,0x0000009189b00000) (1024K)]
  0x000002806eb18dd0 JavaThread "Service Thread"             daemon [_thread_blocked, id=61888, stack(0x0000009189b00000,0x0000009189c00000) (1024K)]
  0x000002806eb19830 JavaThread "Monitor Deflation Thread"   daemon [_thread_blocked, id=29332, stack(0x0000009189c00000,0x0000009189d00000) (1024K)]
  0x000002806eb1f250 JavaThread "C2 CompilerThread0"         daemon [_thread_blocked, id=62752, stack(0x0000009189d00000,0x0000009189e00000) (1024K)]
  0x000002806eb3f220 JavaThread "C1 CompilerThread0"         daemon [_thread_blocked, id=28536, stack(0x0000009189e00000,0x0000009189f00000) (1024K)]
  0x0000028057817590 JavaThread "Common-Cleaner"             daemon [_thread_blocked, id=42868, stack(0x0000009189f00000,0x000000918a000000) (1024K)]
  0x000002807301fc50 JavaThread "JDWP Transport Listener: dt_socket" daemon [_thread_blocked, id=64104, stack(0x000000918a000000,0x000000918a100000) (1024K)]
  0x00000280730204e0 JavaThread "JDWP Event Helper Thread"   daemon [_thread_blocked, id=72272, stack(0x000000918a100000,0x000000918a200000) (1024K)]
  0x00000280730a63c0 JavaThread "JDWP Command Reader"        daemon [_thread_in_native, id=46916, stack(0x000000918a200000,0x000000918a300000) (1024K)]
  0x0000028073132f20 JavaThread "IntelliJ Suspend Helper"    daemon [_thread_blocked, id=17356, stack(0x000000918a300000,0x000000918a400000) (1024K)]
  0x000002807313ba30 JavaThread "Notification Thread"        daemon [_thread_blocked, id=71032, stack(0x000000918a400000,0x000000918a500000) (1024K)]
  0x00000280734810e0 JavaThread "CoarseTimer"                daemon [_thread_blocked, id=49720, stack(0x000000918a600000,0x000000918a700000) (1024K)]
  0x0000028074a176e0 JavaThread "Java2D Disposer"            daemon [_thread_blocked, id=13572, stack(0x000000918ae00000,0x000000918af00000) (1024K)]
  0x000002807493dc30 JavaThread "AWT-Windows"                daemon [_thread_in_native, id=18516, stack(0x000000918b000000,0x000000918b100000) (1024K)]
  0x0000028074c2c430 JavaThread "Java2D Queue Flusher"       daemon [_thread_blocked, id=60772, stack(0x000000918a500000,0x000000918a600000) (1024K)]
  0x00000280753bbda0 JavaThread "AWT-Shutdown"                      [_thread_blocked, id=55196, stack(0x000000918b600000,0x000000918b700000) (1024K)]
  0x00000280753b8fb0 JavaThread "AWT-EventQueue-0"                  [_thread_blocked, id=49548, stack(0x000000918b700000,0x000000918b800000) (1024K)]
  0x00000280753b9640 JavaThread "DestroyJavaVM"                     [_thread_blocked, id=46608, stack(0x0000009188f00000,0x0000009189000000) (1024K)]
  0x0000028043e21990 JavaThread "Swing-Shell"                daemon [_thread_blocked, id=51492, stack(0x000000918b500000,0x000000918b600000) (1024K)]
  0x00000280740c1f30 JavaThread "SwingWorker-pool-2-thread-1" daemon [_thread_blocked, id=47316, stack(0x000000918c400000,0x000000918c500000) (1024K)]
  0x00000280740c25c0 JavaThread "TimerQueue"                 daemon [_thread_blocked, id=11444, stack(0x000000918c500000,0x000000918c600000) (1024K)]
  0x000002804a229940 JavaThread "SwingWorker-pool-2-thread-2" daemon [_thread_blocked, id=71584, stack(0x000000918c300000,0x000000918c400000) (1024K)]
  0x000002804a2336c0 JavaThread "SwingWorker-pool-2-thread-3" daemon [_thread_blocked, id=70372, stack(0x000000918c700000,0x000000918c800000) (1024K)]
  0x00000280483035c0 JavaThread "SwingWorker-pool-2-thread-4" daemon [_thread_blocked, id=33756, stack(0x000000918c800000,0x000000918c900000) (1024K)]
  0x000002804830abe0 JavaThread "SwingWorker-pool-2-thread-5" daemon [_thread_blocked, id=45652, stack(0x000000918bc00000,0x000000918bd00000) (1024K)]
  0x0000028048314960 JavaThread "SwingWorker-pool-2-thread-6" daemon [_thread_blocked, id=42852, stack(0x000000918be00000,0x000000918bf00000) (1024K)]
  0x000002804831b8f0 JavaThread "SwingWorker-pool-2-thread-7" daemon [_thread_blocked, id=67204, stack(0x000000918c100000,0x000000918c200000) (1024K)]
  0x000002804a85b280 JavaThread "SwingWorker-pool-2-thread-8" daemon [_thread_blocked, id=64572, stack(0x0000009188c00000,0x0000009188d00000) (1024K)]
  0x000002804a85f420 JavaThread "mysql-cj-abandoned-connection-cleanup" daemon [_thread_blocked, id=57480, stack(0x000000918ca00000,0x000000918cb00000) (1024K)]
  0x000002804a8663b0 JavaThread "Tomcat JDBC Pool Cleaner[1995265320:1777380050322]" daemon [_thread_blocked, id=39180, stack(0x000000918ce00000,0x000000918cf00000) (1024K)]
  0x00000280483207b0 JavaThread "SwingWorker-pool-2-thread-9" daemon [_thread_in_Java, id=59412, stack(0x000000918bd00000,0x000000918be00000) (1024K)]
  0x000002807dd1b730 JavaThread "SwingWorker-pool-2-thread-10" daemon [_thread_blocked, id=36416, stack(0x0000009188d00000,0x0000009188e00000) (1024K)]
  0x00000280817b7670 JavaThread "Wall clock sampler"         daemon [_thread_in_native, id=51124, stack(0x0000009188e00000,0x0000009188f00000) (1024K)]
=>0x00000280817b8390 JavaThread "Async-profiler Timer"       daemon [_thread_in_vm, id=57996, stack(0x000000918bb00000,0x000000918bc00000) (1024K)]
  0x00000280817a5c40 JavaThread "ForkJoinPool.commonPool-worker-22" daemon [_thread_blocked, id=43384, stack(0x000000918af00000,0x000000918b000000) (1024K)]
Total: 38

Other Threads:
  0x000002806eaedda0 VMThread "VM Thread"                           [id=22304, stack(0x0000009189600000,0x0000009189700000) (1024K)]
  0x000002806eadd510 WatcherThread "VM Periodic Task Thread"        [id=40624, stack(0x0000009189500000,0x0000009189600000) (1024K)]
  0x0000028057711b20 WorkerThread "GC Thread#0"                     [id=33240, stack(0x0000009189000000,0x0000009189100000) (1024K)]
  0x00000280744b41a0 WorkerThread "GC Thread#1"                     [id=66860, stack(0x000000918a700000,0x000000918a800000) (1024K)]
  0x000002807440ed40 WorkerThread "GC Thread#2"                     [id=61144, stack(0x000000918a800000,0x000000918a900000) (1024K)]
  0x00000280743a7610 WorkerThread "GC Thread#3"                     [id=25496, stack(0x000000918a900000,0x000000918aa00000) (1024K)]
  0x00000280743a79b0 WorkerThread "GC Thread#4"                     [id=15120, stack(0x000000918aa00000,0x000000918ab00000) (1024K)]
  0x00000280743a0840 WorkerThread "GC Thread#5"                     [id=27592, stack(0x000000918ab00000,0x000000918ac00000) (1024K)]
  0x0000028074588e00 WorkerThread "GC Thread#6"                     [id=5044, stack(0x000000918ac00000,0x000000918ad00000) (1024K)]
  0x000002807458a1b0 WorkerThread "GC Thread#7"                     [id=36704, stack(0x000000918ad00000,0x000000918ae00000) (1024K)]
  0x0000028057762230 ConcurrentGCThread "G1 Main Marker"            [id=15324, stack(0x0000009189100000,0x0000009189200000) (1024K)]
  0x00000280577637b0 WorkerThread "G1 Conc#0"                       [id=71016, stack(0x0000009189200000,0x0000009189300000) (1024K)]
  0x0000028074789420 WorkerThread "G1 Conc#1"                       [id=37540, stack(0x000000918b800000,0x000000918b900000) (1024K)]
  0x0000028057801620 ConcurrentGCThread "G1 Refine#0"               [id=33072, stack(0x0000009189300000,0x0000009189400000) (1024K)]
  0x00000280578020a0 ConcurrentGCThread "G1 Service"                [id=13148, stack(0x0000009189400000,0x0000009189500000) (1024K)]
Total: 15

Threads with active compile tasks:
Total: 0

VM state: not at safepoint (normal execution)

VM Mutex/Monitor currently owned by a thread: None

Heap address: 0x0000000704200000, size: 4030 MB, Compressed Oops mode: Zero based, Oop shift amount: 3

CDS archive(s) mapped at: [0x0000028000000000-0x0000028000c90000-0x0000028000c90000), size 13172736, SharedBaseAddress: 0x0000028000000000, ArchiveRelocationMode: 1.
Compressed class space mapped at: 0x0000028001000000-0x0000028041000000, reserved size: 1073741824
Narrow klass base: 0x0000028000000000, Narrow klass shift: 0, Narrow klass range: 0x100000000

GC Precious Log:
 CardTable entry size: 512
 Card Set container configuration: InlinePtr #cards 4 size 8 Array Of Cards #cards 16 size 48 Howl #buckets 8 coarsen threshold 3686 Howl Bitmap #cards 512 size 80 coarsen threshold 460 Card regions per heap region 1 cards per card region 4096
 CPUs: 8 total, 8 available
 Memory: 16112M
 Large Page Support: Disabled
 NUMA Support: Disabled
 Compressed Oops: Enabled (Zero based)
 Heap Region Size: 2M
 Heap Min Capacity: 8M
 Heap Initial Capacity: 252M
 Heap Max Capacity: 4030M
 Pre-touch: Disabled
 Parallel Workers: 8
 Concurrent Workers: 2
 Concurrent Refinement Workers: 8
 Periodic GC: Disabled

Heap:
 garbage-first heap   total 352256K, used 113617K [0x0000000704200000, 0x0000000800000000)
  region size 2048K, 11 young (22528K), 8 survivors (16384K)
 Metaspace       used 79344K, committed 80960K, reserved 1179648K
  class space    used 10066K, committed 10688K, reserved 1048576K

Heap Regions: E=young(eden), S=young(survivor), O=old, HS=humongous(starts), HC=humongous(continues), CS=collection set, F=free, TAMS=top-at-mark-start, PB=parsable bottom
|   0|0x0000000704200000, 0x0000000704400000, 0x0000000704400000|100%|HS|  |TAMS 0x0000000704200000| PB 0x0000000704200000| Complete 
|   1|0x0000000704400000, 0x0000000704600000, 0x0000000704600000|100%|HS|  |TAMS 0x0000000704400000| PB 0x0000000704400000| Complete 
|   2|0x0000000704600000, 0x0000000704800000, 0x0000000704800000|100%|HC|  |TAMS 0x0000000704600000| PB 0x0000000704600000| Complete 
|   3|0x0000000704800000, 0x0000000704a00000, 0x0000000704a00000|100%|HS|  |TAMS 0x0000000704800000| PB 0x0000000704800000| Complete 
|   4|0x0000000704a00000, 0x0000000704c00000, 0x0000000704c00000|100%| O|  |TAMS 0x0000000704a00000| PB 0x0000000704a00000| Untracked 
|   5|0x0000000704c00000, 0x0000000704e00000, 0x0000000704e00000|100%| O|  |TAMS 0x0000000704c00000| PB 0x0000000704c00000| Untracked 
|   6|0x0000000704e00000, 0x0000000705000000, 0x0000000705000000|100%| O|  |TAMS 0x0000000704e00000| PB 0x0000000704e00000| Untracked 
|   7|0x0000000705000000, 0x0000000705200000, 0x0000000705200000|100%| O|  |TAMS 0x0000000705000000| PB 0x0000000705000000| Untracked 
|   8|0x0000000705200000, 0x0000000705400000, 0x0000000705400000|100%| O|  |TAMS 0x0000000705200000| PB 0x0000000705200000| Untracked 
|   9|0x0000000705400000, 0x0000000705600000, 0x0000000705600000|100%| O|  |TAMS 0x0000000705400000| PB 0x0000000705400000| Untracked 
|  10|0x0000000705600000, 0x0000000705800000, 0x0000000705800000|100%| O|  |TAMS 0x0000000705600000| PB 0x0000000705600000| Untracked 
|  11|0x0000000705800000, 0x0000000705a00000, 0x0000000705a00000|100%| O|  |TAMS 0x0000000705800000| PB 0x0000000705800000| Untracked 
|  12|0x0000000705a00000, 0x0000000705c00000, 0x0000000705c00000|100%| O|  |TAMS 0x0000000705a00000| PB 0x0000000705a00000| Untracked 
|  13|0x0000000705c00000, 0x0000000705e00000, 0x0000000705e00000|100%| O|  |TAMS 0x0000000705c00000| PB 0x0000000705c00000| Untracked 
|  14|0x0000000705e00000, 0x0000000706000000, 0x0000000706000000|100%| O|  |TAMS 0x0000000705e00000| PB 0x0000000705e00000| Untracked 
|  15|0x0000000706000000, 0x0000000706200000, 0x0000000706200000|100%| O|  |TAMS 0x0000000706000000| PB 0x0000000706000000| Untracked 
|  16|0x0000000706200000, 0x0000000706400000, 0x0000000706400000|100%| O|  |TAMS 0x0000000706200000| PB 0x0000000706200000| Untracked 
|  17|0x0000000706400000, 0x0000000706600000, 0x0000000706600000|100%| O|  |TAMS 0x0000000706400000| PB 0x0000000706400000| Untracked 
|  18|0x0000000706600000, 0x0000000706800000, 0x0000000706800000|100%| O|  |TAMS 0x0000000706600000| PB 0x0000000706600000| Untracked 
|  19|0x0000000706800000, 0x00000007068fadc0, 0x0000000706a00000| 48%| O|  |TAMS 0x0000000706800000| PB 0x0000000706800000| Untracked 
|  20|0x0000000706a00000, 0x0000000706c00000, 0x0000000706c00000|100%| O|  |TAMS 0x0000000706a00000| PB 0x0000000706a00000| Untracked 
|  21|0x0000000706c00000, 0x0000000706e00000, 0x0000000706e00000|100%| O|  |TAMS 0x0000000706c00000| PB 0x0000000706c00000| Untracked 
|  22|0x0000000706e00000, 0x0000000707000000, 0x0000000707000000|100%|HS|  |TAMS 0x0000000706e00000| PB 0x0000000706e00000| Complete 
|  23|0x0000000707000000, 0x0000000707200000, 0x0000000707200000|100%|HC|  |TAMS 0x0000000707000000| PB 0x0000000707000000| Complete 
|  24|0x0000000707200000, 0x0000000707400000, 0x0000000707400000|100%|HC|  |TAMS 0x0000000707200000| PB 0x0000000707200000| Complete 
|  25|0x0000000707400000, 0x0000000707600000, 0x0000000707600000|100%|HC|  |TAMS 0x0000000707400000| PB 0x0000000707400000| Complete 
|  26|0x0000000707600000, 0x0000000707800000, 0x0000000707800000|100%|HC|  |TAMS 0x0000000707600000| PB 0x0000000707600000| Complete 
|  27|0x0000000707800000, 0x0000000707a00000, 0x0000000707a00000|100%|HC|  |TAMS 0x0000000707800000| PB 0x0000000707800000| Complete 
|  28|0x0000000707a00000, 0x0000000707c00000, 0x0000000707c00000|100%|HC|  |TAMS 0x0000000707a00000| PB 0x0000000707a00000| Complete 
|  29|0x0000000707c00000, 0x0000000707e00000, 0x0000000707e00000|100%| O|  |TAMS 0x0000000707c00000| PB 0x0000000707c00000| Untracked 
|  30|0x0000000707e00000, 0x0000000708000000, 0x0000000708000000|100%| O|  |TAMS 0x0000000707e00000| PB 0x0000000707e00000| Untracked 
|  31|0x0000000708000000, 0x0000000708200000, 0x0000000708200000|100%| O|  |TAMS 0x0000000708000000| PB 0x0000000708000000| Untracked 
|  32|0x0000000708200000, 0x0000000708400000, 0x0000000708400000|100%| O|  |TAMS 0x0000000708200000| PB 0x0000000708200000| Untracked 
|  33|0x0000000708400000, 0x0000000708600000, 0x0000000708600000|100%| O|  |TAMS 0x0000000708400000| PB 0x0000000708400000| Untracked 
|  34|0x0000000708600000, 0x0000000708800000, 0x0000000708800000|100%| O|Cm|TAMS 0x0000000708600000| PB 0x0000000708600000| Complete 
|  35|0x0000000708800000, 0x0000000708800000, 0x0000000708a00000|  0%| F|  |TAMS 0x0000000708800000| PB 0x0000000708800000| Untracked 
|  36|0x0000000708a00000, 0x0000000708a00000, 0x0000000708c00000|  0%| F|  |TAMS 0x0000000708a00000| PB 0x0000000708a00000| Untracked 
|  37|0x0000000708c00000, 0x0000000708c00000, 0x0000000708e00000|  0%| F|  |TAMS 0x0000000708c00000| PB 0x0000000708c00000| Untracked 
|  38|0x0000000708e00000, 0x0000000708e00000, 0x0000000709000000|  0%| F|  |TAMS 0x0000000708e00000| PB 0x0000000708e00000| Untracked 
|  39|0x0000000709000000, 0x0000000709000000, 0x0000000709200000|  0%| F|  |TAMS 0x0000000709000000| PB 0x0000000709000000| Untracked 
|  40|0x0000000709200000, 0x0000000709200000, 0x0000000709400000|  0%| F|  |TAMS 0x0000000709200000| PB 0x0000000709200000| Untracked 
|  41|0x0000000709400000, 0x0000000709400000, 0x0000000709600000|  0%| F|  |TAMS 0x0000000709400000| PB 0x0000000709400000| Untracked 
|  42|0x0000000709600000, 0x0000000709600000, 0x0000000709800000|  0%| F|  |TAMS 0x0000000709600000| PB 0x0000000709600000| Untracked 
|  43|0x0000000709800000, 0x0000000709800000, 0x0000000709a00000|  0%| F|  |TAMS 0x0000000709800000| PB 0x0000000709800000| Untracked 
|  44|0x0000000709a00000, 0x0000000709a00000, 0x0000000709c00000|  0%| F|  |TAMS 0x0000000709a00000| PB 0x0000000709a00000| Untracked 
|  45|0x0000000709c00000, 0x0000000709c00000, 0x0000000709e00000|  0%| F|  |TAMS 0x0000000709c00000| PB 0x0000000709c00000| Untracked 
|  46|0x0000000709e00000, 0x0000000709e00000, 0x000000070a000000|  0%| F|  |TAMS 0x0000000709e00000| PB 0x0000000709e00000| Untracked 
|  47|0x000000070a000000, 0x000000070a000000, 0x000000070a200000|  0%| F|  |TAMS 0x000000070a000000| PB 0x000000070a000000| Untracked 
|  48|0x000000070a200000, 0x000000070a200000, 0x000000070a400000|  0%| F|  |TAMS 0x000000070a200000| PB 0x000000070a200000| Untracked 
|  49|0x000000070a400000, 0x000000070a400000, 0x000000070a600000|  0%| F|  |TAMS 0x000000070a400000| PB 0x000000070a400000| Untracked 
|  50|0x000000070a600000, 0x000000070a600000, 0x000000070a800000|  0%| F|  |TAMS 0x000000070a600000| PB 0x000000070a600000| Untracked 
|  51|0x000000070a800000, 0x000000070a800000, 0x000000070aa00000|  0%| F|  |TAMS 0x000000070a800000| PB 0x000000070a800000| Untracked 
|  52|0x000000070aa00000, 0x000000070aa00000, 0x000000070ac00000|  0%| F|  |TAMS 0x000000070aa00000| PB 0x000000070aa00000| Untracked 
|  53|0x000000070ac00000, 0x000000070ac00000, 0x000000070ae00000|  0%| F|  |TAMS 0x000000070ac00000| PB 0x000000070ac00000| Untracked 
|  54|0x000000070ae00000, 0x000000070ae00000, 0x000000070b000000|  0%| F|  |TAMS 0x000000070ae00000| PB 0x000000070ae00000| Untracked 
|  55|0x000000070b000000, 0x000000070b000000, 0x000000070b200000|  0%| F|  |TAMS 0x000000070b000000| PB 0x000000070b000000| Untracked 
|  56|0x000000070b200000, 0x000000070b200000, 0x000000070b400000|  0%| F|  |TAMS 0x000000070b200000| PB 0x000000070b200000| Untracked 
|  57|0x000000070b400000, 0x000000070b400000, 0x000000070b600000|  0%| F|  |TAMS 0x000000070b400000| PB 0x000000070b400000| Untracked 
|  58|0x000000070b600000, 0x000000070b800000, 0x000000070b800000|100%| S|CS|TAMS 0x000000070b600000| PB 0x000000070b600000| Complete 
|  59|0x000000070b800000, 0x000000070ba00000, 0x000000070ba00000|100%| S|CS|TAMS 0x000000070b800000| PB 0x000000070b800000| Complete 
|  60|0x000000070ba00000, 0x000000070bc00000, 0x000000070bc00000|100%| S|CS|TAMS 0x000000070ba00000| PB 0x000000070ba00000| Complete 
|  61|0x000000070bc00000, 0x000000070be00000, 0x000000070be00000|100%| S|CS|TAMS 0x000000070bc00000| PB 0x000000070bc00000| Complete 
|  62|0x000000070be00000, 0x000000070c000000, 0x000000070c000000|100%| S|CS|TAMS 0x000000070be00000| PB 0x000000070be00000| Complete 
|  63|0x000000070c000000, 0x000000070c000000, 0x000000070c200000|  0%| F|  |TAMS 0x000000070c000000| PB 0x000000070c000000| Untracked 
|  64|0x000000070c200000, 0x000000070c400000, 0x000000070c400000|100%| S|CS|TAMS 0x000000070c200000| PB 0x000000070c200000| Complete 
|  65|0x000000070c400000, 0x000000070c600000, 0x000000070c600000|100%| O|  |TAMS 0x000000070c400000| PB 0x000000070c400000| Untracked 
|  66|0x000000070c600000, 0x000000070c800000, 0x000000070c800000|100%| S|CS|TAMS 0x000000070c600000| PB 0x000000070c600000| Complete 
|  67|0x000000070c800000, 0x000000070ca00000, 0x000000070ca00000|100%| S|CS|TAMS 0x000000070c800000| PB 0x000000070c800000| Complete 
|  68|0x000000070ca00000, 0x000000070ca00000, 0x000000070cc00000|  0%| F|  |TAMS 0x000000070ca00000| PB 0x000000070ca00000| Untracked 
|  69|0x000000070cc00000, 0x000000070cc00000, 0x000000070ce00000|  0%| F|  |TAMS 0x000000070cc00000| PB 0x000000070cc00000| Untracked 
|  70|0x000000070ce00000, 0x000000070d000000, 0x000000070d000000|100%| O|Cm|TAMS 0x000000070ce00000| PB 0x000000070ce00000| Complete 
|  71|0x000000070d000000, 0x000000070d000000, 0x000000070d200000|  0%| F|  |TAMS 0x000000070d000000| PB 0x000000070d000000| Untracked 
|  72|0x000000070d200000, 0x000000070d200000, 0x000000070d400000|  0%| F|  |TAMS 0x000000070d200000| PB 0x000000070d200000| Untracked 
|  73|0x000000070d400000, 0x000000070d400000, 0x000000070d600000|  0%| F|  |TAMS 0x000000070d400000| PB 0x000000070d400000| Untracked 
|  74|0x000000070d600000, 0x000000070d600000, 0x000000070d800000|  0%| F|  |TAMS 0x000000070d600000| PB 0x000000070d600000| Untracked 
|  75|0x000000070d800000, 0x000000070da00000, 0x000000070da00000|100%| O|  |TAMS 0x000000070d800000| PB 0x000000070d800000| Untracked 
|  76|0x000000070da00000, 0x000000070da00000, 0x000000070dc00000|  0%| F|  |TAMS 0x000000070da00000| PB 0x000000070da00000| Untracked 
|  77|0x000000070dc00000, 0x000000070dc00000, 0x000000070de00000|  0%| F|  |TAMS 0x000000070dc00000| PB 0x000000070dc00000| Untracked 
|  78|0x000000070de00000, 0x000000070de00000, 0x000000070e000000|  0%| F|  |TAMS 0x000000070de00000| PB 0x000000070de00000| Untracked 
|  79|0x000000070e000000, 0x000000070e000000, 0x000000070e200000|  0%| F|  |TAMS 0x000000070e000000| PB 0x000000070e000000| Untracked 
|  80|0x000000070e200000, 0x000000070e200000, 0x000000070e400000|  0%| F|  |TAMS 0x000000070e200000| PB 0x000000070e200000| Untracked 
|  81|0x000000070e400000, 0x000000070e400000, 0x000000070e600000|  0%| F|  |TAMS 0x000000070e400000| PB 0x000000070e400000| Untracked 
|  82|0x000000070e600000, 0x000000070e600000, 0x000000070e800000|  0%| F|  |TAMS 0x000000070e600000| PB 0x000000070e600000| Untracked 
|  83|0x000000070e800000, 0x000000070e800000, 0x000000070ea00000|  0%| F|  |TAMS 0x000000070e800000| PB 0x000000070e800000| Untracked 
|  84|0x000000070ea00000, 0x000000070ea00000, 0x000000070ec00000|  0%| F|  |TAMS 0x000000070ea00000| PB 0x000000070ea00000| Untracked 
|  85|0x000000070ec00000, 0x000000070ec00000, 0x000000070ee00000|  0%| F|  |TAMS 0x000000070ec00000| PB 0x000000070ec00000| Untracked 
|  86|0x000000070ee00000, 0x000000070ee00000, 0x000000070f000000|  0%| F|  |TAMS 0x000000070ee00000| PB 0x000000070ee00000| Untracked 
|  87|0x000000070f000000, 0x000000070f000000, 0x000000070f200000|  0%| F|  |TAMS 0x000000070f000000| PB 0x000000070f000000| Untracked 
|  88|0x000000070f200000, 0x000000070f200000, 0x000000070f400000|  0%| F|  |TAMS 0x000000070f200000| PB 0x000000070f200000| Untracked 
|  89|0x000000070f400000, 0x000000070f400000, 0x000000070f600000|  0%| F|  |TAMS 0x000000070f400000| PB 0x000000070f400000| Untracked 
|  90|0x000000070f600000, 0x000000070f600000, 0x000000070f800000|  0%| F|  |TAMS 0x000000070f600000| PB 0x000000070f600000| Untracked 
|  91|0x000000070f800000, 0x000000070f800000, 0x000000070fa00000|  0%| F|  |TAMS 0x000000070f800000| PB 0x000000070f800000| Untracked 
|  92|0x000000070fa00000, 0x000000070fa00000, 0x000000070fc00000|  0%| F|  |TAMS 0x000000070fa00000| PB 0x000000070fa00000| Untracked 
|  93|0x000000070fc00000, 0x000000070fc00000, 0x000000070fe00000|  0%| F|  |TAMS 0x000000070fc00000| PB 0x000000070fc00000| Untracked 
|  94|0x000000070fe00000, 0x000000070fe00000, 0x0000000710000000|  0%| F|  |TAMS 0x000000070fe00000| PB 0x000000070fe00000| Untracked 
|  95|0x0000000710000000, 0x0000000710000000, 0x0000000710200000|  0%| F|  |TAMS 0x0000000710000000| PB 0x0000000710000000| Untracked 
|  96|0x0000000710200000, 0x0000000710200000, 0x0000000710400000|  0%| F|  |TAMS 0x0000000710200000| PB 0x0000000710200000| Untracked 
|  97|0x0000000710400000, 0x0000000710400000, 0x0000000710600000|  0%| F|  |TAMS 0x0000000710400000| PB 0x0000000710400000| Untracked 
|  98|0x0000000710600000, 0x0000000710600000, 0x0000000710800000|  0%| F|  |TAMS 0x0000000710600000| PB 0x0000000710600000| Untracked 
|  99|0x0000000710800000, 0x0000000710800000, 0x0000000710a00000|  0%| F|  |TAMS 0x0000000710800000| PB 0x0000000710800000| Untracked 
| 100|0x0000000710a00000, 0x0000000710a00000, 0x0000000710c00000|  0%| F|  |TAMS 0x0000000710a00000| PB 0x0000000710a00000| Untracked 
| 101|0x0000000710c00000, 0x0000000710c00000, 0x0000000710e00000|  0%| F|  |TAMS 0x0000000710c00000| PB 0x0000000710c00000| Untracked 
| 102|0x0000000710e00000, 0x0000000710e00000, 0x0000000711000000|  0%| F|  |TAMS 0x0000000710e00000| PB 0x0000000710e00000| Untracked 
| 103|0x0000000711000000, 0x0000000711000000, 0x0000000711200000|  0%| F|  |TAMS 0x0000000711000000| PB 0x0000000711000000| Untracked 
| 104|0x0000000711200000, 0x0000000711200000, 0x0000000711400000|  0%| F|  |TAMS 0x0000000711200000| PB 0x0000000711200000| Untracked 
| 105|0x0000000711400000, 0x0000000711400000, 0x0000000711600000|  0%| F|  |TAMS 0x0000000711400000| PB 0x0000000711400000| Untracked 
| 106|0x0000000711600000, 0x0000000711600000, 0x0000000711800000|  0%| F|  |TAMS 0x0000000711600000| PB 0x0000000711600000| Untracked 
| 107|0x0000000711800000, 0x0000000711800000, 0x0000000711a00000|  0%| F|  |TAMS 0x0000000711800000| PB 0x0000000711800000| Untracked 
| 108|0x0000000711a00000, 0x0000000711a00000, 0x0000000711c00000|  0%| F|  |TAMS 0x0000000711a00000| PB 0x0000000711a00000| Untracked 
| 109|0x0000000711c00000, 0x0000000711c00000, 0x0000000711e00000|  0%| F|  |TAMS 0x0000000711c00000| PB 0x0000000711c00000| Untracked 
| 110|0x0000000711e00000, 0x0000000711e00000, 0x0000000712000000|  0%| F|  |TAMS 0x0000000711e00000| PB 0x0000000711e00000| Untracked 
| 111|0x0000000712000000, 0x0000000712000000, 0x0000000712200000|  0%| F|  |TAMS 0x0000000712000000| PB 0x0000000712000000| Untracked 
| 112|0x0000000712200000, 0x0000000712200000, 0x0000000712400000|  0%| F|  |TAMS 0x0000000712200000| PB 0x0000000712200000| Untracked 
| 113|0x0000000712400000, 0x0000000712400000, 0x0000000712600000|  0%| F|  |TAMS 0x0000000712400000| PB 0x0000000712400000| Untracked 
| 114|0x0000000712600000, 0x0000000712600000, 0x0000000712800000|  0%| F|  |TAMS 0x0000000712600000| PB 0x0000000712600000| Untracked 
| 115|0x0000000712800000, 0x0000000712800000, 0x0000000712a00000|  0%| F|  |TAMS 0x0000000712800000| PB 0x0000000712800000| Untracked 
| 116|0x0000000712a00000, 0x0000000712a00000, 0x0000000712c00000|  0%| F|  |TAMS 0x0000000712a00000| PB 0x0000000712a00000| Untracked 
| 117|0x0000000712c00000, 0x0000000712c00000, 0x0000000712e00000|  0%| F|  |TAMS 0x0000000712c00000| PB 0x0000000712c00000| Untracked 
| 118|0x0000000712e00000, 0x0000000712e00000, 0x0000000713000000|  0%| F|  |TAMS 0x0000000712e00000| PB 0x0000000712e00000| Untracked 
| 119|0x0000000713000000, 0x0000000713000000, 0x0000000713200000|  0%| F|  |TAMS 0x0000000713000000| PB 0x0000000713000000| Untracked 
| 120|0x0000000713200000, 0x0000000713200000, 0x0000000713400000|  0%| F|  |TAMS 0x0000000713200000| PB 0x0000000713200000| Untracked 
| 121|0x0000000713400000, 0x0000000713400000, 0x0000000713600000|  0%| F|  |TAMS 0x0000000713400000| PB 0x0000000713400000| Untracked 
| 122|0x0000000713600000, 0x0000000713600000, 0x0000000713800000|  0%| F|  |TAMS 0x0000000713600000| PB 0x0000000713600000| Untracked 
| 123|0x0000000713800000, 0x0000000713800000, 0x0000000713a00000|  0%| F|  |TAMS 0x0000000713800000| PB 0x0000000713800000| Untracked 
| 124|0x0000000713a00000, 0x0000000713a00000, 0x0000000713c00000|  0%| F|  |TAMS 0x0000000713a00000| PB 0x0000000713a00000| Untracked 
| 125|0x0000000713c00000, 0x0000000713c00000, 0x0000000713e00000|  0%| F|  |TAMS 0x0000000713c00000| PB 0x0000000713c00000| Untracked 
| 126|0x0000000713e00000, 0x0000000713e00000, 0x0000000714000000|  0%| F|  |TAMS 0x0000000713e00000| PB 0x0000000713e00000| Untracked 
| 127|0x0000000714000000, 0x0000000714000000, 0x0000000714200000|  0%| F|  |TAMS 0x0000000714000000| PB 0x0000000714000000| Untracked 
| 128|0x0000000714200000, 0x0000000714200000, 0x0000000714400000|  0%| F|  |TAMS 0x0000000714200000| PB 0x0000000714200000| Untracked 
| 129|0x0000000714400000, 0x0000000714400000, 0x0000000714600000|  0%| F|  |TAMS 0x0000000714400000| PB 0x0000000714400000| Untracked 
| 130|0x0000000714600000, 0x0000000714600000, 0x0000000714800000|  0%| F|  |TAMS 0x0000000714600000| PB 0x0000000714600000| Untracked 
| 131|0x0000000714800000, 0x0000000714800000, 0x0000000714a00000|  0%| F|  |TAMS 0x0000000714800000| PB 0x0000000714800000| Untracked 
| 132|0x0000000714a00000, 0x0000000714a00000, 0x0000000714c00000|  0%| F|  |TAMS 0x0000000714a00000| PB 0x0000000714a00000| Untracked 
| 133|0x0000000714c00000, 0x0000000714c00000, 0x0000000714e00000|  0%| F|  |TAMS 0x0000000714c00000| PB 0x0000000714c00000| Untracked 
| 134|0x0000000714e00000, 0x0000000714e00000, 0x0000000715000000|  0%| F|  |TAMS 0x0000000714e00000| PB 0x0000000714e00000| Untracked 
| 135|0x0000000715000000, 0x0000000715000000, 0x0000000715200000|  0%| F|  |TAMS 0x0000000715000000| PB 0x0000000715000000| Untracked 
| 136|0x0000000715200000, 0x0000000715200000, 0x0000000715400000|  0%| F|  |TAMS 0x0000000715200000| PB 0x0000000715200000| Untracked 
| 137|0x0000000715400000, 0x0000000715400000, 0x0000000715600000|  0%| F|  |TAMS 0x0000000715400000| PB 0x0000000715400000| Untracked 
| 138|0x0000000715600000, 0x0000000715600000, 0x0000000715800000|  0%| F|  |TAMS 0x0000000715600000| PB 0x0000000715600000| Untracked 
| 139|0x0000000715800000, 0x0000000715800000, 0x0000000715a00000|  0%| F|  |TAMS 0x0000000715800000| PB 0x0000000715800000| Untracked 
| 140|0x0000000715a00000, 0x0000000715a00000, 0x0000000715c00000|  0%| F|  |TAMS 0x0000000715a00000| PB 0x0000000715a00000| Untracked 
| 141|0x0000000715c00000, 0x0000000715c00000, 0x0000000715e00000|  0%| F|  |TAMS 0x0000000715c00000| PB 0x0000000715c00000| Untracked 
| 142|0x0000000715e00000, 0x0000000715e00000, 0x0000000716000000|  0%| F|  |TAMS 0x0000000715e00000| PB 0x0000000715e00000| Untracked 
| 143|0x0000000716000000, 0x0000000716000000, 0x0000000716200000|  0%| F|  |TAMS 0x0000000716000000| PB 0x0000000716000000| Untracked 
| 144|0x0000000716200000, 0x0000000716200000, 0x0000000716400000|  0%| F|  |TAMS 0x0000000716200000| PB 0x0000000716200000| Untracked 
| 145|0x0000000716400000, 0x0000000716400000, 0x0000000716600000|  0%| F|  |TAMS 0x0000000716400000| PB 0x0000000716400000| Untracked 
| 146|0x0000000716600000, 0x0000000716600000, 0x0000000716800000|  0%| F|  |TAMS 0x0000000716600000| PB 0x0000000716600000| Untracked 
| 147|0x0000000716800000, 0x0000000716800000, 0x0000000716a00000|  0%| F|  |TAMS 0x0000000716800000| PB 0x0000000716800000| Untracked 
| 148|0x0000000716a00000, 0x0000000716a00000, 0x0000000716c00000|  0%| F|  |TAMS 0x0000000716a00000| PB 0x0000000716a00000| Untracked 
| 149|0x0000000716c00000, 0x0000000716c00000, 0x0000000716e00000|  0%| F|  |TAMS 0x0000000716c00000| PB 0x0000000716c00000| Untracked 
| 150|0x0000000716e00000, 0x0000000716e00000, 0x0000000717000000|  0%| F|  |TAMS 0x0000000716e00000| PB 0x0000000716e00000| Untracked 
| 151|0x0000000717000000, 0x0000000717000000, 0x0000000717200000|  0%| F|  |TAMS 0x0000000717000000| PB 0x0000000717000000| Untracked 
| 152|0x0000000717200000, 0x0000000717200000, 0x0000000717400000|  0%| F|  |TAMS 0x0000000717200000| PB 0x0000000717200000| Untracked 
| 153|0x0000000717400000, 0x0000000717400000, 0x0000000717600000|  0%| F|  |TAMS 0x0000000717400000| PB 0x0000000717400000| Untracked 
| 154|0x0000000717600000, 0x0000000717600000, 0x0000000717800000|  0%| F|  |TAMS 0x0000000717600000| PB 0x0000000717600000| Untracked 
| 155|0x0000000717800000, 0x0000000717800000, 0x0000000717a00000|  0%| F|  |TAMS 0x0000000717800000| PB 0x0000000717800000| Untracked 
| 156|0x0000000717a00000, 0x0000000717a00000, 0x0000000717c00000|  0%| F|  |TAMS 0x0000000717a00000| PB 0x0000000717a00000| Untracked 
| 157|0x0000000717c00000, 0x0000000717c00000, 0x0000000717e00000|  0%| F|  |TAMS 0x0000000717c00000| PB 0x0000000717c00000| Untracked 
| 158|0x0000000717e00000, 0x0000000717e00000, 0x0000000718000000|  0%| F|  |TAMS 0x0000000717e00000| PB 0x0000000717e00000| Untracked 
| 159|0x0000000718000000, 0x0000000718000000, 0x0000000718200000|  0%| F|  |TAMS 0x0000000718000000| PB 0x0000000718000000| Untracked 
| 160|0x0000000718200000, 0x0000000718200000, 0x0000000718400000|  0%| F|  |TAMS 0x0000000718200000| PB 0x0000000718200000| Untracked 
|2001|0x00000007fe400000, 0x00000007fe500800, 0x00000007fe600000| 50%| E|  |TAMS 0x00000007fe400000| PB 0x00000007fe400000| Complete 
|2002|0x00000007fe600000, 0x00000007fe800000, 0x00000007fe800000|100%| O|  |TAMS 0x00000007fe600000| PB 0x00000007fe600000| Untracked 
|2006|0x00000007fee00000, 0x00000007ff000000, 0x00000007ff000000|100%| O|  |TAMS 0x00000007fee00000| PB 0x00000007fee00000| Untracked 
|2007|0x00000007ff000000, 0x00000007ff200000, 0x00000007ff200000|100%| O|  |TAMS 0x00000007ff000000| PB 0x00000007ff000000| Untracked 
|2008|0x00000007ff200000, 0x00000007ff400000, 0x00000007ff400000|100%| O|  |TAMS 0x00000007ff200000| PB 0x00000007ff200000| Untracked 
|2009|0x00000007ff400000, 0x00000007ff600000, 0x00000007ff600000|100%| O|  |TAMS 0x00000007ff400000| PB 0x00000007ff400000| Untracked 
|2010|0x00000007ff600000, 0x00000007ff7f97d0, 0x00000007ff800000| 98%| O|  |TAMS 0x00000007ff600000| PB 0x00000007ff600000| Untracked 
|2011|0x00000007ff800000, 0x00000007ffa00000, 0x00000007ffa00000|100%| O|  |TAMS 0x00000007ff800000| PB 0x00000007ff800000| Untracked 
|2012|0x00000007ffa00000, 0x00000007ffc00000, 0x00000007ffc00000|100%| O|  |TAMS 0x00000007ffa00000| PB 0x00000007ffa00000| Untracked 
|2013|0x00000007ffc00000, 0x00000007ffe00000, 0x00000007ffe00000|100%| E|CS|TAMS 0x00000007ffc00000| PB 0x00000007ffc00000| Complete 
|2014|0x00000007ffe00000, 0x0000000800000000, 0x0000000800000000|100%| E|CS|TAMS 0x00000007ffe00000| PB 0x00000007ffe00000| Complete 

Card table byte_map: [0x0000028067a60000,0x0000028068240000] _byte_map_base: 0x000002806423f000

Marking Bits: (CMBitMap*) 0x0000028057713150
 Bits: [0x0000028068240000, 0x000002806c138000)

Polling page: 0x000002804cef0000

Metaspace:

Usage:
  Non-class:     67.65 MB used.
      Class:      9.83 MB used.
       Both:     77.48 MB used.

Virtual space:
  Non-class space:      128.00 MB reserved,      68.62 MB ( 54%) committed,  2 nodes.
      Class space:        1.00 GB reserved,      10.44 MB (  1%) committed,  1 nodes.
             Both:        1.12 GB reserved,      79.06 MB (  7%) committed. 

Chunk freelists:
   Non-Class:  11.12 MB
       Class:  5.82 MB
        Both:  16.93 MB

MaxMetaspaceSize: unlimited
CompressedClassSpaceSize: 1.00 GB
Initial GC threshold: 21.00 MB
Current GC threshold: 131.81 MB
CDS: on
 - commit_granule_bytes: 65536.
 - commit_granule_words: 8192.
 - virtual_space_node_default_size: 8388608.
 - enlarge_chunks_in_place: 1.
 - use_allocation_guard: 0.


Internal statistics:

num_allocs_failed_limit: 3.
num_arena_births: 1674.
num_arena_deaths: 626.
num_vsnodes_births: 3.
num_vsnodes_deaths: 0.
num_space_committed: 1263.
num_space_uncommitted: 0.
num_chunks_returned_to_freelist: 695.
num_chunks_taken_from_freelist: 3977.
num_chunk_merges: 254.
num_chunk_splits: 2675.
num_chunks_enlarged: 1853.
num_inconsistent_stats: 0.

CodeHeap 'non-profiled nmethods': size=120000Kb used=425Kb max_used=10106Kb free=119574Kb
 bounds [0x000002805f2f0000, 0x000002805fcd0000, 0x0000028066820000]
CodeHeap 'profiled nmethods': size=120000Kb used=0Kb max_used=29476Kb free=119999Kb
 bounds [0x0000028057820000, 0x00000280594f0000, 0x000002805ed50000]
CodeHeap 'non-nmethods': size=5760Kb used=2295Kb max_used=2311Kb free=3464Kb
 bounds [0x000002805ed50000, 0x000002805efc0000, 0x000002805f2f0000]
 total_blobs=1388 nmethods=453 adapters=835
 compilation: enabled
              stopped_count=0, restarted_count=0
 full_count=0

Compilation events (20 events):
Event: 261.491 Thread 0x000002806eb3f220 12507       3       sun.java2d.marlin.MarlinCache::startRLERow (40 bytes)
Event: 261.491 Thread 0x000002806eb3f220 nmethod 12507 0x0000028057ba8690 code [0x0000028057ba8840, 0x0000028057ba8a58]
Event: 261.491 Thread 0x000002806eb1f250 12508 %     4       sun.java2d.marlin.MarlinTileGenerator::getAlphaNoRLE @ 276 (364 bytes)
Event: 261.492 Thread 0x000002806eb3f220 12509       3       java.util.regex.Matcher::end (20 bytes)
Event: 261.492 Thread 0x000002806eb3f220 nmethod 12509 0x0000028057a23c10 code [0x0000028057a23e00, 0x0000028057a241b8]
Event: 261.492 Thread 0x000002806eb3f220 12510       3       java.util.regex.Matcher::start (18 bytes)
Event: 261.492 Thread 0x000002806eb3f220 nmethod 12510 0x0000028057a8d210 code [0x0000028057a8d400, 0x0000028057a8d7b8]
Event: 261.492 Thread 0x000002806eb3f220 12512       3       sun.java2d.pipe.PixelToParallelogramConverter::len (37 bytes)
Event: 261.492 Thread 0x000002806eb3f220 nmethod 12512 0x0000028057ded010 code [0x0000028057ded200, 0x0000028057ded498]
Event: 261.492 Thread 0x000002806eb3f220 12511   !   3       sun.java2d.SunGraphics2D::fillRect (74 bytes)
Event: 261.493 Thread 0x000002806eb3f220 nmethod 12511 0x000002805798db10 code [0x000002805798dd40, 0x000002805798e4e0]
Event: 261.493 Thread 0x000002806eb3f220 12513       1       it.unibz.inf.onprom.data.Annotation::getAnnotationProperties (5 bytes)
Event: 261.493 Thread 0x000002806eb3f220 nmethod 12513 0x000002805f8e7b90 code [0x000002805f8e7d20, 0x000002805f8e7df0]
Event: 261.493 Thread 0x000002806eb3f220 12514       1       it.unibz.inf.onprom.data.Annotation::getRelatedClass (5 bytes)
Event: 261.493 Thread 0x000002806eb3f220 nmethod 12514 0x000002805f8e7890 code [0x000002805f8e7a20, 0x000002805f8e7af0]
Event: 261.510 Thread 0x000002806eb1f250 nmethod 12508% 0x000002805f6e5f10 code [0x000002805f6e6100, 0x000002805f6e73a8]
Event: 261.510 Thread 0x000002806eb1f250 12515       4       java.awt.BasicStroke::getDashArray (20 bytes)
Event: 261.511 Thread 0x000002806eb1f250 nmethod 12515 0x000002805f370310 code [0x000002805f3704a0, 0x000002805f370628]
Event: 2973.772 Thread 0x000002806eb3f220 12528 %     3       com.intellij.rt.debugger.agent.OverheadDetector$CoarseTimer$1::run @ 0 (24 bytes)
Event: 2973.779 Thread 0x000002806eb3f220 nmethod 12528% 0x00000280578fec90 code [0x00000280578feea0, 0x00000280578ff3e0]

GC Heap History (20 events):
Event: 4619.500 GC heap before
{Heap before GC invocations=131 (full 0):
 garbage-first heap   total 311296K, used 226578K [0x0000000704200000, 0x0000000800000000)
  region size 2048K, 67 young (137216K), 2 survivors (4096K)
 Metaspace       used 79923K, committed 80960K, reserved 1179648K
  class space    used 10212K, committed 10688K, reserved 1048576K
}
Event: 4619.506 GC heap after
{Heap after GC invocations=132 (full 0):
 garbage-first heap   total 311296K, used 100163K [0x0000000704200000, 0x0000000800000000)
  region size 2048K, 4 young (8192K), 4 survivors (8192K)
 Metaspace       used 79923K, committed 80960K, reserved 1179648K
  class space    used 10212K, committed 10688K, reserved 1048576K
}
Event: 4718.068 GC heap before
{Heap before GC invocations=133 (full 0):
 garbage-first heap   total 311296K, used 307011K [0x0000000704200000, 0x0000000800000000)
  region size 2048K, 54 young (110592K), 4 survivors (8192K)
 Metaspace       used 79284K, committed 80960K, reserved 1179648K
  class space    used 10056K, committed 10688K, reserved 1048576K
}
Event: 4718.077 GC heap after
{Heap after GC invocations=134 (full 0):
 garbage-first heap   total 327680K, used 214651K [0x0000000704200000, 0x0000000800000000)
  region size 2048K, 8 young (16384K), 8 survivors (16384K)
 Metaspace       used 79284K, committed 80960K, reserved 1179648K
  class space    used 10056K, committed 10688K, reserved 1048576K
}
Event: 4821.261 GC heap before
{Heap before GC invocations=134 (full 0):
 garbage-first heap   total 331776K, used 319099K [0x0000000704200000, 0x0000000800000000)
  region size 2048K, 46 young (94208K), 8 survivors (16384K)
 Metaspace       used 79297K, committed 80960K, reserved 1179648K
  class space    used 10058K, committed 10688K, reserved 1048576K
}
Event: 4821.269 GC heap after
{Heap after GC invocations=135 (full 0):
 garbage-first heap   total 344064K, used 133853K [0x0000000704200000, 0x0000000800000000)
  region size 2048K, 6 young (12288K), 6 survivors (12288K)
 Metaspace       used 79297K, committed 80960K, reserved 1179648K
  class space    used 10058K, committed 10688K, reserved 1048576K
}
Event: 4822.381 GC heap before
{Heap before GC invocations=135 (full 0):
 garbage-first heap   total 344064K, used 137949K [0x0000000704200000, 0x0000000800000000)
  region size 2048K, 9 young (18432K), 6 survivors (12288K)
 Metaspace       used 79297K, committed 80960K, reserved 1179648K
  class space    used 10058K, committed 10688K, reserved 1048576K
}
Event: 4822.383 GC heap after
{Heap after GC invocations=136 (full 0):
 garbage-first heap   total 344064K, used 112912K [0x0000000704200000, 0x0000000800000000)
  region size 2048K, 4 young (8192K), 4 survivors (8192K)
 Metaspace       used 79297K, committed 80960K, reserved 1179648K
  class space    used 10058K, committed 10688K, reserved 1048576K
}
Event: 4882.212 GC heap before
{Heap before GC invocations=137 (full 0):
 garbage-first heap   total 344064K, used 340240K [0x0000000704200000, 0x0000000800000000)
  region size 2048K, 60 young (122880K), 4 survivors (8192K)
 Metaspace       used 79298K, committed 80960K, reserved 1179648K
  class space    used 10058K, committed 10688K, reserved 1048576K
}
Event: 4882.217 GC heap after
{Heap after GC invocations=138 (full 0):
 garbage-first heap   total 352256K, used 218708K [0x0000000704200000, 0x0000000800000000)
  region size 2048K, 4 young (8192K), 4 survivors (8192K)
 Metaspace       used 79298K, committed 80960K, reserved 1179648K
  class space    used 10058K, committed 10688K, reserved 1048576K
}
Event: 4889.468 GC heap before
{Heap before GC invocations=138 (full 0):
 garbage-first heap   total 352256K, used 321108K [0x0000000704200000, 0x0000000800000000)
  region size 2048K, 54 young (110592K), 4 survivors (8192K)
 Metaspace       used 79298K, committed 80960K, reserved 1179648K
  class space    used 10058K, committed 10688K, reserved 1048576K
}
Event: 4889.472 GC heap after
{Heap after GC invocations=139 (full 0):
 garbage-first heap   total 352256K, used 95778K [0x0000000704200000, 0x0000000800000000)
  region size 2048K, 3 young (6144K), 3 survivors (6144K)
 Metaspace       used 79298K, committed 80960K, reserved 1179648K
  class space    used 10058K, committed 10688K, reserved 1048576K
}
Event: 5060.507 GC heap before
{Heap before GC invocations=139 (full 0):
 garbage-first heap   total 352256K, used 300578K [0x0000000704200000, 0x0000000800000000)
  region size 2048K, 103 young (210944K), 3 survivors (6144K)
 Metaspace       used 79328K, committed 80960K, reserved 1179648K
  class space    used 10059K, committed 10688K, reserved 1048576K
}
Event: 5060.514 GC heap after
{Heap after GC invocations=140 (full 0):
 garbage-first heap   total 352256K, used 102013K [0x0000000704200000, 0x0000000800000000)
  region size 2048K, 6 young (12288K), 6 survivors (12288K)
 Metaspace       used 79328K, committed 80960K, reserved 1179648K
  class space    used 10059K, committed 10688K, reserved 1048576K
}
Event: 5081.551 GC heap before
{Heap before GC invocations=141 (full 0):
 garbage-first heap   total 352256K, used 300669K [0x0000000704200000, 0x0000000800000000)
  region size 2048K, 103 young (210944K), 6 survivors (12288K)
 Metaspace       used 79340K, committed 80960K, reserved 1179648K
  class space    used 10065K, committed 10688K, reserved 1048576K
}
Event: 5081.558 GC heap after
{Heap after GC invocations=142 (full 0):
 garbage-first heap   total 352256K, used 105150K [0x0000000704200000, 0x0000000800000000)
  region size 2048K, 7 young (14336K), 7 survivors (14336K)
 Metaspace       used 79340K, committed 80960K, reserved 1179648K
  class space    used 10065K, committed 10688K, reserved 1048576K
}
Event: 5143.419 GC heap before
{Heap before GC invocations=142 (full 0):
 garbage-first heap   total 352256K, used 301758K [0x0000000704200000, 0x0000000800000000)
  region size 2048K, 103 young (210944K), 7 survivors (14336K)
 Metaspace       used 79342K, committed 80960K, reserved 1179648K
  class space    used 10066K, committed 10688K, reserved 1048576K
}
Event: 5143.428 GC heap after
{Heap after GC invocations=143 (full 0):
 garbage-first heap   total 352256K, used 107277K [0x0000000704200000, 0x0000000800000000)
  region size 2048K, 9 young (18432K), 9 survivors (18432K)
 Metaspace       used 79342K, committed 80960K, reserved 1179648K
  class space    used 10066K, committed 10688K, reserved 1048576K
}
Event: 5161.882 GC heap before
{Heap before GC invocations=143 (full 0):
 garbage-first heap   total 352256K, used 299789K [0x0000000704200000, 0x0000000800000000)
  region size 2048K, 103 young (210944K), 9 survivors (18432K)
 Metaspace       used 79342K, committed 80960K, reserved 1179648K
  class space    used 10066K, committed 10688K, reserved 1048576K
}
Event: 5161.890 GC heap after
{Heap after GC invocations=144 (full 0):
 garbage-first heap   total 352256K, used 109521K [0x0000000704200000, 0x0000000800000000)
  region size 2048K, 8 young (16384K), 8 survivors (16384K)
 Metaspace       used 79342K, committed 80960K, reserved 1179648K
  class space    used 10066K, committed 10688K, reserved 1048576K
}

Dll operation events (15 events):
Event: 0.023 Loaded shared library C:\Program Files\Java\jdk-21\bin\java.dll
Event: 0.025 Loaded shared library C:\Program Files\Java\jdk-21\bin\zip.dll
Event: 0.074 Loaded shared library C:\Program Files\Java\jdk-21\bin\jsvml.dll
Event: 0.448 Loaded shared library C:\Program Files\Java\jdk-21\bin\instrument.dll
Event: 0.464 Loaded shared library C:\Program Files\Java\jdk-21\bin\net.dll
Event: 0.466 Loaded shared library C:\Program Files\Java\jdk-21\bin\nio.dll
Event: 0.605 Loaded shared library C:\Program Files\Java\jdk-21\bin\zip.dll
Event: 0.714 Loaded shared library C:\Program Files\Java\jdk-21\bin\jimage.dll
Event: 1.032 Loaded shared library C:\Program Files\Java\jdk-21\bin\awt.dll
Event: 1.077 Loaded shared library C:\Program Files\Java\jdk-21\bin\verify.dll
Event: 2.755 Loaded shared library C:\Program Files\Java\jdk-21\bin\freetype.dll
Event: 2.756 Loaded shared library C:\Program Files\Java\jdk-21\bin\fontmanager.dll
Event: 64.285 Loaded shared library C:\Program Files\Java\jdk-21\bin\extnet.dll
Event: 64.341 Loaded shared library C:\Program Files\Java\jdk-21\bin\sunmscapi.dll
Event: 1821.367 Loaded shared library C:\Users\rikay\AppData\Local\Temp\idea_libasyncProfiler_dll_temp_folder1902\libasyncProfiler.dll

Deoptimization events (20 events):
Event: 2220.170 Thread 0x000002804a85b280 DEOPT PACKING pc=0x000002805f58db38 sp=0x0000009188cfedb0
Event: 2220.170 Thread 0x000002804a85b280 DEOPT UNPACKING pc=0x000002805eda88e2 sp=0x0000009188cfe138 mode 0
Event: 2220.170 Thread 0x000002804a85b280 DEOPT PACKING pc=0x00000280581d8a3c sp=0x0000009188cfee00
Event: 2220.170 Thread 0x000002804a85b280 DEOPT UNPACKING pc=0x000002805eda88e2 sp=0x0000009188cfe330 mode 0
Event: 2220.170 Thread 0x000002804a85b280 DEOPT PACKING pc=0x000002805f324ab4 sp=0x0000009188cfef00
Event: 2220.170 Thread 0x000002804a85b280 DEOPT UNPACKING pc=0x000002805eda88e2 sp=0x0000009188cfe358 mode 0
Event: 2227.140 Thread 0x00000280483207b0 DEOPT PACKING pc=0x000002805f58db38 sp=0x000000918bdff230
Event: 2227.140 Thread 0x00000280483207b0 DEOPT UNPACKING pc=0x000002805eda88e2 sp=0x000000918bdfe5b8 mode 0
Event: 2227.140 Thread 0x00000280483207b0 DEOPT PACKING pc=0x00000280581d8a3c sp=0x000000918bdff280
Event: 2227.140 Thread 0x00000280483207b0 DEOPT UNPACKING pc=0x000002805eda88e2 sp=0x000000918bdfe7b0 mode 0
Event: 2227.140 Thread 0x00000280483207b0 DEOPT PACKING pc=0x000002805f324ab4 sp=0x000000918bdff380
Event: 2227.140 Thread 0x00000280483207b0 DEOPT UNPACKING pc=0x000002805eda88e2 sp=0x000000918bdfe7d8 mode 0
Event: 2973.793 Thread 0x0000028074c2c430 DEOPT PACKING pc=0x000002805f8d0468 sp=0x000000918a5fefc0
Event: 2973.793 Thread 0x0000028074c2c430 DEOPT UNPACKING pc=0x000002805eda88e2 sp=0x000000918a5fe440 mode 0
Event: 2973.794 Thread 0x00000280734810e0 DEOPT PACKING pc=0x000002805fbd9588 sp=0x000000918a6ff1b0
Event: 2973.794 Thread 0x00000280734810e0 DEOPT UNPACKING pc=0x000002805eda88e2 sp=0x000000918a6fe648 mode 0
Event: 2973.795 Thread 0x0000028073132f20 DEOPT PACKING pc=0x0000028058097d0c sp=0x000000918a3ff470
Event: 2973.795 Thread 0x0000028073132f20 DEOPT UNPACKING pc=0x000002805eda88e2 sp=0x000000918a3fe928 mode 0
Event: 2973.795 Thread 0x0000028073132f20 DEOPT PACKING pc=0x000002805809afe4 sp=0x000000918a3ff500
Event: 2973.795 Thread 0x0000028073132f20 DEOPT UNPACKING pc=0x000002805eda88e2 sp=0x000000918a3fe950 mode 0

Classes loaded (20 events):
Event: 3882.836 Loading class it/unibz/inf/onprom/ui/component/TreeNode
Event: 3882.836 Loading class it/unibz/inf/onprom/ui/component/TreeNode done
Event: 4751.996 Loading class sun/reflect/misc/MethodUtil
Event: 4751.997 Loading class sun/reflect/misc/MethodUtil done
Event: 4751.997 Loading class sun/reflect/misc/MethodUtil$1
Event: 4751.997 Loading class sun/reflect/misc/MethodUtil$1 done
Event: 4907.393 Loading class it/unibz/inf/ontop/injection/IntermediateQueryFactory
Event: 4907.393 Loading class it/unibz/inf/ontop/injection/IntermediateQueryFactory done
Event: 4907.393 Loading class it/unibz/inf/ontop/model/term/ImmutableExpression
Event: 4907.393 Loading class it/unibz/inf/ontop/model/term/ImmutableExpression done
Event: 4907.393 Loading class it/unibz/inf/ontop/model/term/ImmutableExpression
Event: 4907.393 Loading class it/unibz/inf/ontop/model/term/ImmutableExpression done
Event: 5063.301 Loading class it/unibz/inf/onprom/obdamapper/OBDAMapper
Event: 5063.301 Loading class it/unibz/inf/onprom/obdamapper/OBDAMapper done
Event: 5063.305 Loading class it/unibz/inf/onprom/obdamapper/OBDAMapper
Event: 5063.305 Loading class it/unibz/inf/onprom/obdamapper/OBDAMapper done
Event: 5063.305 Loading class it/unibz/inf/ontop/model/term/ImmutableTerm
Event: 5063.305 Loading class it/unibz/inf/ontop/model/term/ImmutableTerm done
Event: 5063.305 Loading class it/unibz/inf/ontop/model/term/ImmutableTerm
Event: 5063.305 Loading class it/unibz/inf/ontop/model/term/ImmutableTerm done

Classes unloaded (20 events):
Event: 4619.562 Thread 0x000002806eaedda0 Unloading class 0x000002800156cc00 'java/lang/invoke/LambdaForm$MH+0x000002800156cc00'
Event: 4619.562 Thread 0x000002806eaedda0 Unloading class 0x000002800156c800 'java/lang/invoke/LambdaForm$MH+0x000002800156c800'
Event: 4619.562 Thread 0x000002806eaedda0 Unloading class 0x0000028001520000 'java/lang/invoke/LambdaForm$MH+0x0000028001520000'
Event: 4619.562 Thread 0x000002806eaedda0 Unloading class 0x0000028001504c00 'java/lang/invoke/LambdaForm$MH+0x0000028001504c00'
Event: 4619.562 Thread 0x000002806eaedda0 Unloading class 0x0000028001504800 'java/lang/invoke/LambdaForm$MH+0x0000028001504800'
Event: 4619.562 Thread 0x000002806eaedda0 Unloading class 0x0000028001504400 'java/lang/invoke/LambdaForm$MH+0x0000028001504400'
Event: 4619.562 Thread 0x000002806eaedda0 Unloading class 0x00000280013d9000 'java/lang/invoke/LambdaForm$MH+0x00000280013d9000'
Event: 4619.562 Thread 0x000002806eaedda0 Unloading class 0x00000280013d8c00 'java/lang/invoke/LambdaForm$MH+0x00000280013d8c00'
Event: 4619.562 Thread 0x000002806eaedda0 Unloading class 0x00000280013d8400 'java/lang/invoke/LambdaForm$MH+0x00000280013d8400'
Event: 4619.562 Thread 0x000002806eaedda0 Unloading class 0x000002800134a400 'java/lang/invoke/LambdaForm$MH+0x000002800134a400'
Event: 4619.562 Thread 0x000002806eaedda0 Unloading class 0x0000028001349400 'java/lang/invoke/LambdaForm$BMH+0x0000028001349400'
Event: 4619.562 Thread 0x000002806eaedda0 Unloading class 0x000002800110a000 'java/lang/invoke/LambdaForm$DMH+0x000002800110a000'
Event: 4619.562 Thread 0x000002806eaedda0 Unloading class 0x0000028001109800 'java/lang/invoke/LambdaForm$DMH+0x0000028001109800'
Event: 4619.562 Thread 0x000002806eaedda0 Unloading class 0x0000028001101400 'java/lang/invoke/LambdaForm$MH+0x0000028001101400'
Event: 4619.562 Thread 0x000002806eaedda0 Unloading class 0x000002800101a400 'java/lang/invoke/LambdaForm$MH+0x000002800101a400'
Event: 4619.562 Thread 0x000002806eaedda0 Unloading class 0x0000028001016400 'java/lang/invoke/LambdaForm$MH+0x0000028001016400'
Event: 4619.563 Thread 0x000002806eaedda0 Unloading class 0x0000028001002000 'java/lang/invoke/LambdaForm$MH+0x0000028001002000'
Event: 4619.563 Thread 0x000002806eaedda0 Unloading class 0x0000028001001c00 'java/lang/invoke/LambdaForm$MH+0x0000028001001c00'
Event: 4619.563 Thread 0x000002806eaedda0 Unloading class 0x0000028001001800 'java/lang/invoke/LambdaForm$MH+0x0000028001001800'
Event: 4619.563 Thread 0x000002806eaedda0 Unloading class 0x0000028001001000 'java/lang/invoke/LambdaForm$MH+0x0000028001001000'

Classes redefined (15 events):
Event: 0.533 Thread 0x000002806eaedda0 redefined class name=java.lang.Throwable, count=1
Event: 261.536 Thread 0x000002806eaedda0 redefined class name=it.unibz.inf.onprom.obdamapper.OBDAMapper, count=1
Event: 261.537 Thread 0x000002806eaedda0 redefined class name=it.unibz.inf.onprom.obdamapper.OBDAMapper$OntopReformulationResult, count=1
Event: 261.537 Thread 0x000002806eaedda0 redefined class name=it.unibz.inf.onprom.obdamapper.OBDAMapper$AnnotationQueriesProcessor, count=1
Event: 2194.004 Thread 0x000002806eaedda0 redefined class name=it.unibz.inf.onprom.obdamapper.OBDAMapper, count=2
Event: 2194.004 Thread 0x000002806eaedda0 redefined class name=it.unibz.inf.onprom.obdamapper.OBDAMapper$OntopReformulationResult, count=2
Event: 2194.004 Thread 0x000002806eaedda0 redefined class name=it.unibz.inf.onprom.data.DynamicAnnotation, count=1
Event: 2194.004 Thread 0x000002806eaedda0 redefined class name=it.unibz.inf.onprom.obdamapper.OBDAMapper$AnnotationQueriesProcessor, count=2
Event: 2973.651 Thread 0x000002806eaedda0 redefined class name=it.unibz.inf.onprom.data.DynamicAnnotation, count=2
Event: 3161.008 Thread 0x000002806eaedda0 redefined class name=it.unibz.inf.onprom.obdamapper.OBDAMapper, count=3
Event: 3161.008 Thread 0x000002806eaedda0 redefined class name=it.unibz.inf.onprom.obdamapper.OBDAMapper$OntopReformulationResult, count=3
Event: 3161.008 Thread 0x000002806eaedda0 redefined class name=it.unibz.inf.onprom.obdamapper.OBDAMapper$AnnotationQueriesProcessor, count=3
Event: 5037.091 Thread 0x000002806eaedda0 redefined class name=it.unibz.inf.onprom.obdamapper.OBDAMapper, count=4
Event: 5037.091 Thread 0x000002806eaedda0 redefined class name=it.unibz.inf.onprom.obdamapper.OBDAMapper$OntopReformulationResult, count=4
Event: 5037.091 Thread 0x000002806eaedda0 redefined class name=it.unibz.inf.onprom.obdamapper.OBDAMapper$AnnotationQueriesProcessor, count=4

Internal exceptions (20 events):
Event: 3889.666 Thread 0x00000280740c1f30 Exception <a 'java/lang/ArrayIndexOutOfBoundsException'{0x000000070dc4d700}: Index 3 out of bounds for length 3> (0x000000070dc4d700) 
thrown [s\open\src\hotspot\share\interpreter\interpreterRuntime.cpp, line 439]
Event: 3903.271 Thread 0x00000280740c1f30 Exception <a 'java/io/IOException'{0x0000000715b44730}> (0x0000000715b44730) 
thrown [s\open\src\hotspot\share\prims\jni.cpp, line 520]
Event: 3909.883 Thread 0x00000280740c1f30 Exception <a 'java/io/IOException'{0x00000007138c5c18}> (0x00000007138c5c18) 
thrown [s\open\src\hotspot\share\prims\jni.cpp, line 520]
Event: 3915.515 Thread 0x00000280740c1f30 Exception <a 'java/lang/ArrayIndexOutOfBoundsException'{0x000000070f2b2d10}: Index 3 out of bounds for length 3> (0x000000070f2b2d10) 
thrown [s\open\src\hotspot\share\interpreter\interpreterRuntime.cpp, line 439]
Event: 4883.783 Thread 0x000002804831b8f0 Exception <a 'java/io/IOException'{0x0000000717645dc8}> (0x0000000717645dc8) 
thrown [s\open\src\hotspot\share\prims\jni.cpp, line 520]
Event: 4884.980 Thread 0x000002804831b8f0 Exception <a 'java/lang/ArrayIndexOutOfBoundsException'{0x000000071652da88}: Index 3 out of bounds for length 3> (0x000000071652da88) 
thrown [s\open\src\hotspot\share\interpreter\interpreterRuntime.cpp, line 439]
Event: 4894.346 Thread 0x000002804831b8f0 Exception <a 'java/io/IOException'{0x00000007140387e8}> (0x00000007140387e8) 
thrown [s\open\src\hotspot\share\prims\jni.cpp, line 520]
Event: 4901.400 Thread 0x000002804831b8f0 Exception <a 'java/io/IOException'{0x0000000711f71dd0}> (0x0000000711f71dd0) 
thrown [s\open\src\hotspot\share\prims\jni.cpp, line 520]
Event: 4906.660 Thread 0x000002804831b8f0 Exception <a 'java/lang/ArrayIndexOutOfBoundsException'{0x000000070d3659a0}: Index 3 out of bounds for length 3> (0x000000070d3659a0) 
thrown [s\open\src\hotspot\share\interpreter\interpreterRuntime.cpp, line 439]
Event: 5061.875 Thread 0x000002804a85b280 Exception <a 'java/io/IOException'{0x00000007183ef330}> (0x00000007183ef330) 
thrown [s\open\src\hotspot\share\prims\jni.cpp, line 520]
Event: 5062.999 Thread 0x000002804a85b280 Exception <a 'java/lang/ArrayIndexOutOfBoundsException'{0x0000000716fd8420}: Index 3 out of bounds for length 3> (0x0000000716fd8420) 
thrown [s\open\src\hotspot\share\interpreter\interpreterRuntime.cpp, line 439]
Event: 5074.367 Thread 0x000002804a85b280 Exception <a 'java/io/IOException'{0x000000070da72bb8}> (0x000000070da72bb8) 
thrown [s\open\src\hotspot\share\prims\jni.cpp, line 520]
Event: 5083.158 Thread 0x000002804a85b280 Exception <a 'java/io/IOException'{0x0000000717fdc998}> (0x0000000717fdc998) 
thrown [s\open\src\hotspot\share\prims\jni.cpp, line 520]
Event: 5088.489 Thread 0x000002804a85b280 Exception <a 'java/lang/ArrayIndexOutOfBoundsException'{0x0000000713bc60c0}: Index 3 out of bounds for length 3> (0x0000000713bc60c0) 
thrown [s\open\src\hotspot\share\interpreter\interpreterRuntime.cpp, line 439]
Event: 5111.752 Thread 0x00000280483207b0 Exception <a 'java/io/IOException'{0x00000007116b8bb0}> (0x00000007116b8bb0) 
thrown [s\open\src\hotspot\share\prims\jni.cpp, line 520]
Event: 5113.218 Thread 0x00000280483207b0 Exception <a 'java/lang/ArrayIndexOutOfBoundsException'{0x00000007105a90b0}: Index 3 out of bounds for length 3> (0x00000007105a90b0) 
thrown [s\open\src\hotspot\share\interpreter\interpreterRuntime.cpp, line 439]
Event: 5149.591 Thread 0x00000280483207b0 Exception <a 'java/io/IOException'{0x0000000713401588}> (0x0000000713401588) 
thrown [s\open\src\hotspot\share\prims\jni.cpp, line 520]
Event: 5156.317 Thread 0x00000280483207b0 Exception <a 'java/io/IOException'{0x00000007114e2418}> (0x00000007114e2418) 
thrown [s\open\src\hotspot\share\prims\jni.cpp, line 520]
Event: 5161.454 Thread 0x00000280483207b0 Exception <a 'java/lang/ArrayIndexOutOfBoundsException'{0x000000070ccdff40}: Index 3 out of bounds for length 3> (0x000000070ccdff40) 
thrown [s\open\src\hotspot\share\interpreter\interpreterRuntime.cpp, line 439]
Event: 5442.785 Thread 0x00000280483207b0 Exception <a 'java/lang/IncompatibleClassChangeError'{0x00000007ffc8e8e0}: Found class java.lang.Object, but interface was expected> (0x00000007ffc8e8e0) 
thrown [s\open\src\hotspot\share\interpreter\linkResolver.cpp, line 840]

ZGC Phase Switch (0 events):
No events

VM Operations (20 events):
Event: 5352.841 Executing VM operation: RendezvousGCThreads
Event: 5352.841 Executing VM operation: RendezvousGCThreads done
Event: 5442.836 Executing VM operation: get/set locals
Event: 5442.836 Executing VM operation: get/set locals done
Event: 5442.836 Executing VM operation: get/set locals
Event: 5442.836 Executing VM operation: get/set locals done
Event: 5442.837 Executing VM operation: get/set locals
Event: 5442.837 Executing VM operation: get/set locals done
Event: 5442.837 Executing VM operation: get/set locals
Event: 5442.837 Executing VM operation: get/set locals done
Event: 5442.837 Executing VM operation: get/set locals
Event: 5442.837 Executing VM operation: get/set locals done
Event: 5442.872 Executing VM operation: get/set locals
Event: 5442.872 Executing VM operation: get/set locals done
Event: 5470.739 Executing VM operation: get/set locals
Event: 5470.740 Executing VM operation: get/set locals done
Event: 5472.935 Executing VM operation: ChangeSingleStep
Event: 5472.935 Executing VM operation: ChangeSingleStep done
Event: 5472.939 Executing VM operation: ChangeSingleStep
Event: 5472.939 Executing VM operation: ChangeSingleStep done

Events (20 events):
Event: 4619.572 Thread 0x000002806eaedda0 flushing nmethod 0x000002805f4afe90
Event: 4619.572 Thread 0x000002806eaedda0 flushing nmethod 0x000002805f3adf10
Event: 4619.572 Thread 0x000002806eaedda0 flushing nmethod 0x000002805f328610
Event: 4635.488 Thread 0x00000280817a83a0 Thread added: 0x00000280817a83a0
Event: 4635.512 Thread 0x00000280817a83a0 Thread exited: 0x00000280817a83a0
Event: 4669.637 Thread 0x00000280817a9750 Thread added: 0x00000280817a9750
Event: 4669.665 Thread 0x00000280817a9750 Thread exited: 0x00000280817a9750
Event: 4727.057 Thread 0x00000280817a55b0 Thread exited: 0x00000280817a55b0
Event: 4787.057 Thread 0x00000280817a0d80 Thread exited: 0x00000280817a0d80
Event: 4817.925 Thread 0x00000280817a2e50 Thread added: 0x00000280817a2e50
Event: 4817.944 Thread 0x00000280817a2e50 Thread exited: 0x00000280817a2e50
Event: 4837.466 Thread 0x00000280817aab00 Thread added: 0x00000280817aab00
Event: 4837.487 Thread 0x00000280817aab00 Thread exited: 0x00000280817aab00
Event: 4897.369 Thread 0x00000280817a0060 Thread added: 0x00000280817a0060
Event: 5055.659 Thread 0x00000280817a34e0 Thread exited: 0x00000280817a34e0
Event: 5078.432 Thread 0x00000280817a6ff0 Thread added: 0x00000280817a6ff0
Event: 5078.432 Thread 0x00000280817a7d10 Thread added: 0x00000280817a7d10
Event: 5225.325 Thread 0x00000280817a7d10 Thread exited: 0x00000280817a7d10
Event: 5285.362 Thread 0x00000280817a6ff0 Thread exited: 0x00000280817a6ff0
Event: 5472.939 Thread 0x00000280817a0060 Thread exited: 0x00000280817a0060


Dynamic libraries:
0x00007ff6d3b60000 - 0x00007ff6d3b70000 	C:\Program Files\Java\jdk-21\bin\java.exe
0x00007ff860ec0000 - 0x00007ff861127000 	C:\WINDOWS\SYSTEM32\ntdll.dll
0x00007ff85f100000 - 0x00007ff85f1c9000 	C:\WINDOWS\System32\KERNEL32.DLL
0x00007ff85dd20000 - 0x00007ff85e114000 	C:\WINDOWS\System32\KERNELBASE.dll
0x00007ff85d900000 - 0x00007ff85da4b000 	C:\WINDOWS\System32\ucrtbase.dll
0x00007ff84c500000 - 0x00007ff84c51b000 	C:\Program Files\Java\jdk-21\bin\VCRUNTIME140.dll
0x00007ff845c00000 - 0x00007ff845c19000 	C:\Program Files\Java\jdk-21\bin\jli.dll
0x00007ff85f020000 - 0x00007ff85f0d6000 	C:\WINDOWS\System32\ADVAPI32.dll
0x00007ff860750000 - 0x00007ff8607f9000 	C:\WINDOWS\System32\msvcrt.dll
0x00007ff85ed90000 - 0x00007ff85ee37000 	C:\WINDOWS\System32\sechost.dll
0x00007ff8605a0000 - 0x00007ff8606b8000 	C:\WINDOWS\System32\RPCRT4.dll
0x00007ff860210000 - 0x00007ff8603d5000 	C:\WINDOWS\System32\USER32.dll
0x00007ff83ce30000 - 0x00007ff83d0c3000 	C:\WINDOWS\WinSxS\amd64_microsoft.windows.common-controls_6595b64144ccf1df_6.0.26100.8115_none_3e075c82e3354f9c\COMCTL32.dll
0x00007ff85ec20000 - 0x00007ff85ec47000 	C:\WINDOWS\System32\win32u.dll
0x00007ff8603e0000 - 0x00007ff86040b000 	C:\WINDOWS\System32\GDI32.dll
0x00007ff85e1d0000 - 0x00007ff85e2fb000 	C:\WINDOWS\System32\gdi32full.dll
0x00007ff85e120000 - 0x00007ff85e1c3000 	C:\WINDOWS\System32\msvcp_win.dll
0x00007ff85c0f0000 - 0x00007ff85c0fb000 	C:\WINDOWS\SYSTEM32\VERSION.dll
0x00007ff85ecd0000 - 0x00007ff85ed02000 	C:\WINDOWS\System32\IMM32.DLL
0x00007ff845b60000 - 0x00007ff845b6c000 	C:\Program Files\Java\jdk-21\bin\vcruntime140_1.dll
0x00007ff820530000 - 0x00007ff8205be000 	C:\Program Files\Java\jdk-21\bin\msvcp140.dll
0x00007fff9d700000 - 0x00007fff9e415000 	C:\Program Files\Java\jdk-21\bin\server\jvm.dll
0x00007ff8606c0000 - 0x00007ff860740000 	C:\WINDOWS\System32\WS2_32.dll
0x00007ff85d610000 - 0x00007ff85d66e000 	C:\WINDOWS\SYSTEM32\POWRPROF.dll
0x00007ff8548d0000 - 0x00007ff854906000 	C:\WINDOWS\SYSTEM32\WINMM.dll
0x00007ff85d5d0000 - 0x00007ff85d5e4000 	C:\WINDOWS\SYSTEM32\UMPDC.dll
0x00007ff85c480000 - 0x00007ff85c49b000 	C:\WINDOWS\SYSTEM32\kernel.appcore.dll
0x00007ff845b50000 - 0x00007ff845b5a000 	C:\Program Files\Java\jdk-21\bin\jimage.dll
0x00007ff85af80000 - 0x00007ff85b1c2000 	C:\WINDOWS\SYSTEM32\DBGHELP.DLL
0x00007ff85fe80000 - 0x00007ff860202000 	C:\WINDOWS\System32\combase.dll
0x00007ff85faa0000 - 0x00007ff85fb78000 	C:\WINDOWS\System32\OLEAUT32.dll
0x00007ff83a120000 - 0x00007ff83a15b000 	C:\WINDOWS\SYSTEM32\dbgcore.DLL
0x00007ff85eb70000 - 0x00007ff85ec15000 	C:\WINDOWS\System32\bcryptPrimitives.dll
0x00007ff8215b0000 - 0x00007ff8215ec000 	C:\Program Files\Java\jdk-21\bin\jdwp.dll
0x00007ff845cc0000 - 0x00007ff845ccf000 	C:\Program Files\Java\jdk-21\bin\instrument.dll
0x00007ff844c20000 - 0x00007ff844c3f000 	C:\Program Files\Java\jdk-21\bin\java.dll
0x00007fffe96a0000 - 0x00007fffe98d9000 	C:\Users\rikay\AppData\Local\Temp\idea_libasyncProfiler_dll_temp_folder1902\libasyncProfiler.dll
0x00007ff844b10000 - 0x00007ff844b28000 	C:\Program Files\Java\jdk-21\bin\zip.dll
0x00007ff85f330000 - 0x00007ff85fa97000 	C:\WINDOWS\System32\SHELL32.dll
0x00007ff85d790000 - 0x00007ff85d8fa000 	C:\WINDOWS\System32\wintypes.dll
0x00007ff85e300000 - 0x00007ff85eb68000 	C:\WINDOWS\System32\windows.storage.dll
0x00007ff860410000 - 0x00007ff860508000 	C:\WINDOWS\System32\SHCORE.dll
0x00007ff85ec60000 - 0x00007ff85ecc6000 	C:\WINDOWS\System32\shlwapi.dll
0x00007ff85d6b0000 - 0x00007ff85d6d9000 	C:\WINDOWS\SYSTEM32\profapi.dll
0x00007ff81d610000 - 0x00007ff81d6e7000 	C:\Program Files\Java\jdk-21\bin\jsvml.dll
0x00007ff845b80000 - 0x00007ff845b8c000 	C:\Program Files\Java\jdk-21\bin\dt_socket.dll
0x00007ff85bd30000 - 0x00007ff85bd62000 	C:\WINDOWS\SYSTEM32\IPHLPAPI.DLL
0x00007ff85ca30000 - 0x00007ff85ca9c000 	C:\WINDOWS\system32\mswsock.dll
0x00007ff845b40000 - 0x00007ff845b50000 	C:\Program Files\Java\jdk-21\bin\net.dll
0x00007ff84e800000 - 0x00007ff84e92d000 	C:\WINDOWS\SYSTEM32\WINHTTP.dll
0x00007ff844b70000 - 0x00007ff844b86000 	C:\Program Files\Java\jdk-21\bin\nio.dll
0x00007ff81d1d0000 - 0x00007ff81d35f000 	C:\Program Files\Java\jdk-21\bin\awt.dll
0x00007ff85a9b0000 - 0x00007ff85aa4f000 	C:\WINDOWS\SYSTEM32\apphelp.dll
0x00007ff837bc0000 - 0x00007ff837bd0000 	C:\Program Files\Java\jdk-21\bin\verify.dll
0x00007ff85abc0000 - 0x00007ff85ac69000 	C:\WINDOWS\system32\uxtheme.dll
0x00007ff85fd20000 - 0x00007ff85fe7c000 	C:\WINDOWS\System32\MSCTF.dll
0x00007ff85fb80000 - 0x00007ff85fd17000 	C:\WINDOWS\System32\ole32.dll
0x00007ff840b90000 - 0x00007ff840c9f000 	C:\WINDOWS\system32\opengl32.dll
0x00007ff843d30000 - 0x00007ff843d5d000 	C:\WINDOWS\SYSTEM32\GLU32.dll
0x00007ff85ae60000 - 0x00007ff85aea3000 	C:\WINDOWS\SYSTEM32\dxcore.dll
0x00007ff85adf0000 - 0x00007ff85ae1f000 	C:\WINDOWS\system32\DWMAPI.DLL
0x00007ff857c70000 - 0x00007ff857cd1000 	C:\WINDOWS\SYSTEM32\directxdatabasehelper.dll
0x00007ff854750000 - 0x00007ff85476d000 	C:\WINDOWS\SYSTEM32\windows.staterepositorycore.dll
0x00007fff5b780000 - 0x00007fff5cbed000 	C:\WINDOWS\System32\DriverStore\FileRepository\iigd_dch.inf_amd64_92899f2b73e871b4\igxelpicd64.dll
0x00007ff85aca0000 - 0x00007ff85ade1000 	C:\WINDOWS\SYSTEM32\dxgi.dll
0x00007fff79080000 - 0x00007fff790a3000 	C:\WINDOWS\SYSTEM32\d3d12.dll
0x00007ff803630000 - 0x00007ff8037d1000 	C:\WINDOWS\System32\DriverStore\FileRepository\iigd_dch.inf_amd64_92899f2b73e871b4\igdml64.dll
0x00007ff85d2d0000 - 0x00007ff85d321000 	C:\WINDOWS\SYSTEM32\cfgmgr32.dll
0x00007ff854040000 - 0x00007ff8545eb000 	C:\WINDOWS\System32\DriverStore\FileRepository\iigd_dch.inf_amd64_92899f2b73e871b4\igdgmm64.dll
0x00007ff84eca0000 - 0x00007ff853f54000 	C:\WINDOWS\System32\DriverStore\FileRepository\iigd_dch.inf_amd64_92899f2b73e871b4\igc64.dll
0x00007ff81cee0000 - 0x00007ff81cf67000 	C:\Program Files\Java\jdk-21\bin\freetype.dll
0x00007ff804610000 - 0x00007ff8046e3000 	C:\Program Files\Java\jdk-21\bin\fontmanager.dll
0x00007ff85ce30000 - 0x00007ff85ce4b000 	C:\WINDOWS\SYSTEM32\CRYPTSP.dll
0x00007ff85c440000 - 0x00007ff85c479000 	C:\WINDOWS\system32\rsaenh.dll
0x00007ff85cae0000 - 0x00007ff85cb13000 	C:\WINDOWS\SYSTEM32\USERENV.dll
0x00007ff85d680000 - 0x00007ff85d6aa000 	C:\WINDOWS\SYSTEM32\bcrypt.dll
0x00007ff85cc90000 - 0x00007ff85cc9c000 	C:\WINDOWS\SYSTEM32\CRYPTBASE.dll
0x00007ff85ec50000 - 0x00007ff85ec5a000 	C:\WINDOWS\System32\NSI.dll
0x00007ff803dd0000 - 0x00007ff803e85000 	C:\WINDOWS\WinSxS\amd64_microsoft.windows.common-controls_6595b64144ccf1df_5.82.26100.8115_none_87ecef177a2e8a19\comctl32.dll
0x00007ff860dc0000 - 0x00007ff860e6e000 	C:\WINDOWS\System32\clbcatq.dll
0x00007ff8591d0000 - 0x00007ff8593fe000 	C:\WINDOWS\SYSTEM32\WindowsCodecs.dll
0x00007ff82ee40000 - 0x00007ff82ee9a000 	C:\WINDOWS\system32\dataexchange.dll
0x00007ff84d120000 - 0x00007ff84d36d000 	C:\WINDOWS\system32\twinapi.appcore.dll
0x00007ff840070000 - 0x00007ff8401b8000 	C:\WINDOWS\SYSTEM32\textinputframework.dll
0x00007ff85a5a0000 - 0x00007ff85a6c7000 	C:\WINDOWS\SYSTEM32\CoreMessaging.dll
0x00007ff856ee0000 - 0x00007ff8571c2000 	C:\WINDOWS\SYSTEM32\CoreUIComponents.dll
0x00007ff8589a0000 - 0x00007ff858aa3000 	C:\WINDOWS\system32\propsys.dll
0x00007ff843210000 - 0x00007ff8433ef000 	C:\Windows\System32\urlmon.dll
0x00007ff843640000 - 0x00007ff843904000 	C:\Windows\System32\iertutil.dll
0x00007ff84ad80000 - 0x00007ff84ada9000 	C:\Windows\System32\srvcli.dll
0x00007ff85c0e0000 - 0x00007ff85c0ed000 	C:\Windows\System32\netutils.dll
0x00007ff837170000 - 0x00007ff837230000 	C:\Windows\System32\Windows.FileExplorer.Common.dll
0x00007ff8251d0000 - 0x00007ff8251eb000 	C:\WINDOWS\system32\NetworkExplorer.dll
0x00007ff833d40000 - 0x00007ff833e77000 	C:\WINDOWS\system32\Windows.Storage.Search.dll
0x00007ff833fd0000 - 0x00007ff834148000 	C:\Windows\System32\Windows.System.Launcher.dll
0x00007ff837310000 - 0x00007ff8373d1000 	C:\WINDOWS\System32\StructuredQuery.dll
0x00007ff834a20000 - 0x00007ff834cbe000 	C:\WINDOWS\System32\icu.dll
0x00007ff858c60000 - 0x00007ff858d14000 	C:\WINDOWS\SYSTEM32\policymanager.dll
0x00007ff8325f0000 - 0x00007ff832710000 	C:\Windows\System32\SystemSettings.DataModel.dll
0x00007ff85bab0000 - 0x00007ff85badd000 	C:\WINDOWS\SYSTEM32\slc.dll
0x00007ff83bdc0000 - 0x00007ff83be8a000 	C:\Windows\System32\OneCoreCommonProxyStub.dll
0x00007ff84c990000 - 0x00007ff84cfe3000 	C:\Windows\System32\OneCoreUAPCommonProxyStub.dll
0x00007ff837240000 - 0x00007ff837304000 	C:\Windows\System32\Windows.StateRepositoryPS.dll
0x00007ff83b760000 - 0x00007ff83b7a7000 	C:\WINDOWS\SYSTEM32\windows.staterepositoryclient.dll
0x00007ff837910000 - 0x00007ff837942000 	C:\Windows\System32\cldapi.dll
0x00007ff85c780000 - 0x00007ff85c7c9000 	C:\WINDOWS\SYSTEM32\SspiCli.dll
0x00007ff8378e0000 - 0x00007ff837909000 	C:\WINDOWS\SYSTEM32\edputil.dll
0x00007ff837830000 - 0x00007ff83787f000 	C:\Windows\System32\vaultcli.dll
0x00007ff839d90000 - 0x00007ff839e2c000 	C:\Windows\System32\Windows.Web.dll
0x00007ff812ee0000 - 0x00007ff812f4f000 	C:\Windows\System32\thumbcache.dll
0x00007ff84add0000 - 0x00007ff84adf1000 	C:\WINDOWS\SYSTEM32\MPR.dll
0x00007ff81d740000 - 0x00007ff81d762000 	C:\WINDOWS\System32\p9np.dll
0x00007ff81d730000 - 0x00007ff81d73d000 	C:\WINDOWS\System32\drprov.dll
0x00007ff81d700000 - 0x00007ff81d724000 	C:\WINDOWS\System32\ntlanman.dll
0x00007ff81a7d0000 - 0x00007ff81a7f1000 	C:\WINDOWS\System32\davclnt.dll
0x00007ff81a760000 - 0x00007ff81a7cf000 	C:\WINDOWS\System32\dokannp1.dll
0x00007ff81a6d0000 - 0x00007ff81a751000 	C:\WINDOWS\SYSTEM32\dokan1.dll
0x00007ff85d490000 - 0x00007ff85d4f2000 	C:\WINDOWS\System32\WINSTA.dll
0x00007ff84ddf0000 - 0x00007ff84de0b000 	C:\WINDOWS\System32\wkscli.dll
0x00007ff839530000 - 0x00007ff839543000 	C:\WINDOWS\SYSTEM32\cscapi.dll
0x00007fffa93b0000 - 0x00007fffa9402000 	C:\Windows\System32\dlnashext.dll
0x00007ff821260000 - 0x00007ff8212bd000 	C:\Windows\System32\PlayToDevice.dll
0x00007ff836510000 - 0x00007ff83653d000 	C:\Windows\System32\DevDispItemProvider.dll
0x00007ff84cff0000 - 0x00007ff84d087000 	C:\WINDOWS\System32\MMDevApi.dll
0x00007ff85d330000 - 0x00007ff85d35d000 	C:\WINDOWS\System32\DEVOBJ.dll
0x00007ff8545f0000 - 0x00007ff85460d000 	C:\WINDOWS\SYSTEM32\dhcpcsvc6.DLL
0x00007ff84e930000 - 0x00007ff84e955000 	C:\WINDOWS\SYSTEM32\dhcpcsvc.DLL
0x00007ff85bdd0000 - 0x00007ff85bf02000 	C:\WINDOWS\SYSTEM32\DNSAPI.dll

dbghelp: loaded successfully - version: 4.0.5 - missing functions: none
symbol engine: initialized successfully - sym options: 0x614 - pdb path: .;C:\Program Files\Java\jdk-21\bin;C:\WINDOWS\SYSTEM32;C:\WINDOWS\WinSxS\amd64_microsoft.windows.common-controls_6595b64144ccf1df_6.0.26100.8115_none_3e075c82e3354f9c;C:\Program Files\Java\jdk-21\bin\server;C:\Users\rikay\AppData\Local\Temp\idea_libasyncProfiler_dll_temp_folder1902;C:\WINDOWS\System32\DriverStore\FileRepository\iigd_dch.inf_amd64_92899f2b73e871b4;C:\WINDOWS\WinSxS\amd64_microsoft.windows.common-controls_6595b64144ccf1df_5.82.26100.8115_none_87ecef177a2e8a19;C:\WINDOWS\WinSxS\amd64_microsoft.windows.gdiplus_6595b64144ccf1df_1.1.26100.8246_none_6ef5395a3dc52f61

VM Arguments:
jvm_args: -agentlib:jdwp=transport=dt_socket,address=127.0.0.1:63940,suspend=y,server=n -javaagent:C:\Users\rikay\AppData\Local\JetBrains\IntelliJIdea2026.1\captureAgent\debugger-agent.jar=file:///C:/Users/rikay/AppData/Local/Temp/capture10778482256868000294.props -agentpath:C:\Users\rikay\AppData\Local\Temp\idea_libasyncProfiler_dll_temp_folder1902\libasyncProfiler.dll=version,jfr,event=wall,interval=10ms,cstack=no,file=C:\Users\rikay\IdeaSnapshots\OnpromToolkit_2026_04_28_143933.jfr,dbghelppath=C:\Users\rikay\AppData\Local\Temp\idea_dbghelp_dll_temp_folder7\dbghelp.dll,log=C:\Users\rikay\AppData\Local\Temp\OnpromToolkit_2026_04_28_143933.jfr.log.txt,logLevel=DEBUG -Dkotlinx.coroutines.debug.enable.creation.stack.trace=false -Ddebugger.agent.enable.coroutines=true -Dkotlinx.coroutines.debug.enable.flows.stack.trace=true -Dkotlinx.coroutines.debug.enable.mutable.state.flows.stack.trace=true -Ddebugger.async.stack.trace.for.all.threads=true -Dfile.encoding=UTF-8 -Dsun.stdout.encoding=UTF-8 -Dsun.stderr.encoding=UTF-8 
java_command: it.unibz.inf.onprom.OnpromToolkit
java_class_path (initial): C:\Users\rikay\IdeaProjects\onprom\toolkit\target\classes;C:\Users\rikay\IdeaProjects\onprom\annotationeditor\target\classes;C:\Users\rikay\IdeaProjects\onprom\data\target\classes;C:\Users\rikay\.m2\repository\net\sourceforge\owlapi\owlapi-apibinding\5.5.1\owlapi-apibinding-5.5.1.jar;C:\Users\rikay\.m2\repository\net\sourceforge\owlapi\owlapi-api\5.5.1\owlapi-api-5.5.1.jar;C:\Users\rikay\.m2\repository\org\tukaani\xz\1.9\xz-1.9.jar;C:\Users\rikay\.m2\repository\net\sourceforge\owlapi\owlapi-impl\5.5.1\owlapi-impl-5.5.1.jar;C:\Users\rikay\.m2\repository\net\sourceforge\owlapi\owlapi-parsers\5.5.1\owlapi-parsers-5.5.1.jar;C:\Users\rikay\.m2\repository\net\sourceforge\owlapi\owlapi-oboformat\5.5.1\owlapi-oboformat-5.5.1.jar;C:\Users\rikay\.m2\repository\net\sourceforge\owlapi\owlapi-tools\5.5.1\owlapi-tools-5.5.1.jar;C:\Users\rikay\.m2\repository\net\sourceforge\owlapi\owlapi-rio\5.5.1\owlapi-rio-5.5.1.jar;C:\Users\rikay\.m2\repository\org\eclipse\rdf4j\rdf4j-model-api\5.0.2\rdf4j-model-api-5.0.2.jar;C:\Users\rikay\.m2\repository\org\eclipse\rdf4j\rdf4j-common-annotation\5.0.2\rdf4j-common-annotation-5.0.2.jar;C:\Users\rikay\.m2\repository\org\eclipse\rdf4j\rdf4j-model-vocabulary\5.0.2\rdf4j-model-vocabulary-5.0.2.jar;C:\Users\rikay\.m2\repository\org\eclipse\rdf4j\rdf4j-rio-languages\5.0.2\rdf4j-rio-languages-5.0.2.jar;C:\Users\rikay\.m2\repository\org\eclipse\rdf4j\rdf4j-rio-datatypes\5.0.2\rdf4j-rio-datatypes-5.0.2.jar;C:\Users\rikay\.m2\repository\org\eclipse\rdf4j\rdf4j-rio-binary\5.0.2\rdf4j-rio-binary-5.0.2.jar;C:\Users\rikay\.m2\repository\org\eclipse\rdf4j\rdf4j-rio-n3\5.0.2\rdf4j-rio-n3-5.0.2.jar;C:\Users\rikay\.m2\repository\org\eclipse\rdf4j\rdf4j-rio-ntriples\5.0.2\rdf4j-rio-ntriples-5.0.2.jar;C:\Users\rikay\.m2\repository\org\eclipse\rdf4j\rdf4j-rio-rdfjson\5.0.2\rdf4j-rio-rdfjson-5.0.2.jar;C:\Users\rikay\.m2\repository\org\eclipse\rdf4j\rdf4j-rio-rdfxml\5.0.2\rdf4j-rio-rdfxml-5.0.2.jar;C:\Users\rikay\.m2\repository\org\eclipse\rdf4j\rdf4j-rio-trix\5.0.2\rdf4j-rio-trix-5.0.2.jar;C:\Users\rikay\.m2\repository\org\eclipse\rdf4j\rdf4j-rio-hdt\5.0.2\rdf4j-rio-hdt-5.0.2.jar;C:\Users\rikay\.m2\repository\org\eclipse\rdf4j\rdf4j-rio-trig\5.0.2\rdf4j-rio-trig-5.0.2.jar;C:\Users\rikay\.m2\repository\org\eclipse\rdf4j\rdf4j-rio-jsonld\5.0.2\rdf4j-rio-jsonld-5.0.2.jar;C:\Users\rikay\.m2\repository\jakarta\json\jakarta.json-api\2.0.1\jakarta.json-api-2.0.1.jar;C:\Users\rikay\.m2\repository\org\apache\httpcomponents\httpclient\4.5.14\httpclient-4.5.14.jar;C:\Users\rikay\.m2\repository\org\apache\httpcomponents\httpclient-cache\4.5.14\httpclient-cache-4.5.14.jar;C:\Users\rikay\.m2\repository\com\github\vsonnier\hppcrt\0.7.5\hppcrt-0.7.5.jar;C:\Users\rikay\.m2\repository\com\github\ben-manes\caffeine\caffeine\3.1.8\caffeine-3.1.8.jar;C:\Users\rikay\.m2\repository\com\google\code\findbugs\jsr305\3.0.2\jsr305-3.0.2.jar;C:\Users\rikay\IdeaProjects\onprom\umleditor\target\classes;C:\Users\rikay\.m2\repository\org\apache\xmlgraphics\batik-svggen\1.14\batik-svggen-1.14.jar;C:\Users\rikay\.m2\repository\org\apache\xmlgraphics\batik-awt-util\1.14\batik-awt-util-1.14.jar;C:\Users\rikay\.m2\repository\org\apache\xmlgraphics\xmlgraphics-commons\2.6\xmlgraphics-commons-2.6.jar;C:\Users\rikay\.m2\repository\org\apache\xmlgraphics\batik-shared-resources\1.14\batik-shared-resources-1.14.jar;C:\Users\rikay\.m2\repository\org\apache\xmlgraphics\batik-util\1.14\batik-util-1.14.jar;C:\Users\rikay\.m2\repository\org\apache\xmlgraphics\batik-constants\1.14\batik-constants-1.14.jar;C:\Users\rikay\.m2\repository\org\apache\xmlgraphics\batik-i18n\1.14\batik-i18n-1.14.jar;C:\Users\rikay\.m2\repository\org\apache\xmlgraphics\fop\2.7\fop-2.7.jar;C:\Users\rikay\.m2\repository\org\apache\xmlgraphics\fop-util\2.7\fop-util-2.7.jar;C:\Users\rikay\.m2\repository\org\apache\xmlgraphics\fop-events\2.7\fop-events-2.7.jar;C:\Users\rikay\.m2\repository\com\thoughtworks\qdox\qdox\1.12\qdox-1.12.jar;C:\Users\rikay\.m2\repository\org\apache\xmlgraphics\fop-core\2.7\fop-core-2.7.jar;C:\Users\rikay\.m2\repository\org\apache\xmlgraphics\batik-anim\1.14\batik-anim-1.14.jar;C:\Users\rikay\.m2\repository\org\apache\xmlgraphics\batik-css\1.14\batik-css-1.14.jar;C:\Users\rikay\.m2\repository\org\apache\xmlgraphics\batik-dom\1.14\batik-dom-1.14.jar;C:\Users\rikay\.m2\repository\xalan\xalan\2.7.2\xalan-2.7.2.jar;C:\Users\rikay\.m2\repository\xalan\serializer\2.7.2\serializer-2.7.2.jar;C:\Users\rikay\.m2\repository\org\apache\xmlgraphics\batik-ext\1.14\batik-ext-1.14.jar;C:\Users\rikay\.m2\repository\org\apache\xmlgraphics\batik-parser\1.14\batik-parser-1.14.jar;C:\Users\rikay\.m2\repository\org\apache\xmlgraphics\batik-svg-dom\1.14\batik-svg-dom-1.14.jar;C:\Users\rikay\.m2\repository\xml-apis\xml-apis-ext\1.3.04\xml-apis-ext-1.3.04.jar;C:\Users\rikay\.m2\repository\org\apache\xmlgraphics\batik-bridge\1.14\batik-bridge-1.14.jar;C:\Users\rikay\.m2\repository\org\apache\xmlgraphics\batik-script\1.14\batik-script-1.14.jar;C:\Users\rikay\.m2\repository\org\apache\xmlgraphics\batik-xml\1.14\batik-xml-1.14.jar;C:\Users\rikay\.m2\repository\org\apache\xmlgraphics\batik-extension\1.14\batik-extension-1.14.jar;C:\Users\rikay\.m2\repository\org\apache\xmlgraphics\batik-gvt\1.14\batik-gvt-1.14.jar;C:\Users\rikay\.m2\repository\org\apache\xmlgraphics\batik-transcoder\1.14\batik-transcoder-1.14.jar;C:\Users\rikay\.m2\repository\commons-logging\commons-logging\1.0.4\commons-logging-1.0.4.jar;C:\Users\rikay\.m2\repository\org\apache\pdfbox\fontbox\2.0.24\fontbox-2.0.24.jar;C:\Users\rikay\.m2\repository\com\fasterxml\jackson\core\jackson-databind\2.13.2.1\jackson-databind-2.13.2.1.jar;C:\Users\rikay\.m2\repository\com\fasterxml\jackson\core\jackson-annotations\2.13.2\jackson-annotations-2.13.2.jar;C:\Users\rikay\.m2\repository\com\fasterxml\jackson\core\jackson-core\2.13.2\jackson-core-2.13.2.jar;C:\Users\rikay\.m2\repository\org\apache\jena\jena-querybuilder\5.6.0\jena-querybuilder-5.6.0.jar;C:\Users\rikay\.m2\repository\org\apache\jena\jena-arq\5.6.0\jena-arq-5.6.0.jar;C:\Users\rikay\.m2\repository\org\apache\jena\jena-core\5.6.0\jena-core-5.6.0.jar;C:\Users\rikay\.m2\repository\org\apache\jena\jena-base\5.6.0\jena-base-5.6.0.jar;C:\Users\rikay\.m2\repository\org\apache\commons\commons-csv\1.14.1\commons-csv-1.14.1.jar;C:\Users\rikay\.m2\repository\org\apache\commons\commons-compress\1.28.0\commons-compress-1.28.0.jar;C:\Users\rikay\.m2\repository\org\apache\commons\commons-collections4\4.5.0\commons-collections4-4.5.0.jar;C:\Users\rikay\.m2\repository\com\github\andrewoma\dexx\collection\0.7\collection-0.7.jar;C:\Users\rikay\.m2\repository\org\apache\jena\jena-iri3986\5.6.0\jena-iri3986-5.6.0.jar;C:\Users\rikay\.m2\repository\org\apache\jena\jena-iri\5.6.0\jena-iri-5.6.0.jar;C:\Users\rikay\.m2\repository\org\apache\jena\jena-langtag\5.6.0\jena-langtag-5.6.0.jar;C:\Users\rikay\.m2\repository\org\roaringbitmap\RoaringBitmap\1.3.0\RoaringBitmap-1.3.0.jar;C:\Users\rikay\.m2\repository\org\slf4j\jcl-over-slf4j\1.7.36\jcl-over-slf4j-1.7.36.jar;C:\Users\rikay\.m2\repository\com\apicatalog\titanium-json-ld\1.7.0\titanium-json-ld-1.7.0.jar;C:\Users\rikay\.m2\repository\com\apicatalog\titanium-jcs\1.1.1\titanium-jcs-1.1.1.jar;C:\Users\rikay\.m2\repository\com\apicatalog\titanium-rdf-api\1.0.0\titanium-rdf-api-1.0.0.jar;C:\Users\rikay\.m2\repository\com\apicatalog\titanium-rdf-n-quads\1.0.2\titanium-rdf-n-quads-1.0.2.jar;C:\Users\rikay\.m2\repository\org\glassfish\jakarta.json\2.0.1\jakarta.json-2.0.1.jar;C:\Users\rikay\.m2\repository\org\apache\thrift\libthrift\0.22.0\libthrift-0.22.0.jar;C:\Users\rikay\.m2\repository\org\apache\commons\commons-lang3\3.19.0\commons-lang3-3.19.0.jar;C:\Users\rikay\.m2\repository\xml-apis\xml-apis\1.4.01\xml-apis-1.4.01.jar;C:\Users\rikay\IdeaProjects\onprom\logextractor\target\classes;C:\Users\rikay\.m2\repository\com\h2database\h2\2.1.210\h2-2.1.210.jar;C:\Users\rikay\.m2\repository\mysql\mysql-connector-java\8.0.28\mysql-connector-java-8.0.28.jar;C:\Users\rikay\.m2\repository\com\google\protobuf\protobuf-java\3.11.4\protobuf-java-3.11.4.jar;C:\Users\rikay\.m2\repository\org\postgresql\postgresql\42.3.3\postgresql-42.3.3.jar;C:\Users\rikay\.m2\repository\org\checkerframework\checker-qual\3.5.0\checker-qual-3.5.0.jar;C:\Users\rikay\.m2\repository\com\ibm\db2\jcc\db2jcc\db2jcc4\db2jcc-db2jcc4.jar;C:\Users\rikay\.m2\repository\com\microsoft\sqlserver\mssql-jdbc\10.2.0.jre11\mssql-jdbc-10.2.0.jre11.jar;C:\Users\rikay\.m2\repository\net\sourceforge\jtds\jtds\1.3.1\jtds-1.3.1.jar;C:\Users\rikay\IdeaProjects\onprom\obdamapper\target\classes;C:\Users\rikay\.m2\repository\it\unibz\inf\ontop\ontop-system-owlapi\5.4.1\ontop-system-owlapi-5.4.1.jar;C:\Users\rikay\.m2\repository\it\unibz\inf\ontop\ontop-system-core\5.4.1\ontop-system-core-5.4.1.jar;C:\Users\rikay\.m2\repository\it\unibz\inf\ontop\ontop-ontology-owlapi\5.4.1\ontop-ontology-owlapi-5.4.1.jar;C:\Users\rikay\.m2\repository\it\unibz\inf\ontop\ontop-mapping-sql-core\5.4.1\ontop-mapping-sql-core-5.4.1.jar;C:\Users\rikay\.m2\repository\it\unibz\inf\ontop\ontop-model\5.4.1\ontop-model-5.4.1.jar;C:\Users\rikay\.m2\repository\org\apache\commons\commons-rdf-simple\0.5.0\commons-rdf-simple-0.5.0.jar;C:\Users\rikay\.m2\repository\io\github\solf\nullanno\3.0.0\nullanno-3.0.0.jar;C:\Users\rikay\.m2\repository\io\mikael\urlbuilder\2.0.9\urlbuilder-2.0.9.jar;C:\Users\rikay\.m2\repository\org\locationtech\proj4j\proj4j\1.1.1\proj4j-1.1.1.jar;C:\Users\rikay\.m2\repository\commons-codec\commons-codec\1.14\commons-codec-1.14.jar;C:\Users\rikay\.m2\repository\it\unibz\inf\ontop\ontop-optimization\5.4.1\ontop-optimization-5.4.1.jar;C:\Users\rikay\.m2\repository\it\unibz\inf\ontop\ontop-rdb\5.4.1\ontop-rdb-5.4.1.jar;C:\Users\rikay\.m2\repository\com\fasterxml\jackson\datatype\jackson-datatype-guava\2.15.4\jackson-datatype-guava-2.15.4.jar;C:\Users\rikay\.m2\repository\com\github\jsqlparser\jsqlparser\4.4\jsqlparser-4.4.jar;C:\Users\rikay\.m2\repository\org\apache\commons\commons-rdf-api\0.5.0\commons-rdf-api-0.5.0.jar;C:\Users\rikay\.m2\repository\javax\inject\javax.inject\1\javax.inject-1.jar;C:\Users\rikay\.m2\repository\com\google\inject\guice\5.0.1\guice-5.0.1.jar;C:\Users\rikay\.m2\repository\aopalliance\aopalliance\1.0\aopalliance-1.0.jar;C:\Users\rikay\.m2\repository\it\unibz\inf\ontop\ontop-reformulation-core\5.4.1\ontop-reformulation-core-5.4.1.jar;C:\Users\rikay\.m2\repository\it\unibz\inf\ontop\ontop-kg-query\5.4.1\ontop-kg-query-5.4.1.jar;C:\Users\rikay\.m2\repository\com\google\inject\extensions\guice-assistedinject\5.0.1\guice-assistedinject-5.0.1.jar;C:\Users\rikay\.m2\repository\org\eclipse\rdf4j\rdf4j-model\5.1.4\rdf4j-model-5.1.4.jar;C:\Users\rikay\.m2\repository\org\eclipse\rdf4j\rdf4j-common-exception\5.1.4\rdf4j-common-exception-5.1.4.jar;C:\Users\rikay\.m2\repository\org\eclipse\rdf4j\rdf4j-common-text\5.1.4\rdf4j-common-text-5.1.4.jar;C:\Users\rikay\.m2\repository\org\eclipse\rdf4j\rdf4j-common-io\5.1.4\rdf4j-common-io-5.1.4.jar;C:\Users\rikay\.m2\repository\org\eclipse\rdf4j\rdf4j-common-iterator\5.1.4\rdf4j-common-iterator-5.1.4.jar;C:\Users\rikay\.m2\repository\org\eclipse\rdf4j\rdf4j-common-order\5.1.4\rdf4j-common-order-5.1.4.jar;C:\Users\rikay\.m2\repository\org\eclipse\rdf4j\rdf4j-query\5.1.4\rdf4j-query-5.1.4.jar;C:\Users\rikay\.m2\repository\org\apache\commons\commons-text\1.10.0\commons-text-1.10.0.jar;C:\Users\rikay\.m2\repository\org\eclipse\rdf4j\rdf4j-queryalgebra-model\5.1.4\rdf4j-queryalgebra-model-5.1.4.jar;C:\Users\rikay\.m2\repository\org\eclipse\rdf4j\rdf4j-queryparser-api\5.1.4\rdf4j-queryparser-api-5.1.4.jar;C:\Users\rikay\.m2\repository\org\eclipse\rdf4j\rdf4j-queryparser-sparql\5.1.4\rdf4j-queryparser-sparql-5.1.4.jar;C:\Users\rikay\.m2\repository\it\unibz\inf\ontop\ontop-owlapi\5.4.1\ontop-owlapi-5.4.1.jar;C:\Users\rikay\.m2\repository\it\unibz\inf\ontop\ontop-system-sql-owlapi\5.4.1\ontop-system-sql-owlapi-5.4.1.jar;C:\Users\rikay\.m2\repository\it\unibz\inf\ontop\ontop-mapping-owlapi\5.4.1\ontop-mapping-owlapi-5.4.1.jar;C:\Users\rikay\.m2\repository\edu\stanford\protege\org.protege.xmlcatalog\1.0.5\org.protege.xmlcatalog-1.0.5.jar;C:\Users\rikay\.m2\repository\log4j\log4j\1.2.17\log4j-1.2.17.jar;C:\Users\rikay\.m2\repository\xml-resolver\xml-resolver\1.2\xml-resolver-1.2.jar;C:\Users\rikay\.m2\repository\org\slf4j\log4j-over-slf4j\1.7.36\log4j-over-slf4j-1.7.36.jar;C:\Users\rikay\.m2\repository\it\unibz\inf\ontop\ontop-mapping-sql-all\5.4.1\ontop-mapping-sql-all-5.4.1.jar;C:\Users\rikay\.m2\repository\it\unibz\inf\ontop\ontop-mapping-native\5.4.1\ontop-mapping-native-5.4.1.jar;C:\Users\rikay\.m2\repository\it\unibz\inf\ontop\ontop-mapping-r2rml\5.4.1\ontop-mapping-r2rml-5.4.1.jar;C:\Users\rikay\.m2\repository\org\apache\commons\commons-rdf-rdf4j\0.5.0\commons-rdf-rdf4j-0.5.0.jar;C:\Users\rikay\.m2\repository\org\eclipse\rdf4j\rdf4j-sail-memory\2.2.2\rdf4j-sail-memory-2.2.2.jar;C:\Users\rikay\.m2\repository\org\eclipse\rdf4j\rdf4j-sail-base\2.2.2\rdf4j-sail-base-2.2.2.jar;C:\Users\rikay\.m2\repository\org\eclipse\rdf4j\rdf4j-sail-inferencer\2.2.2\rdf4j-sail-inferencer-2.2.2.jar;C:\Users\rikay\.m2\repository\org\eclipse\rdf4j\rdf4j-queryparser-serql\2.2.2\rdf4j-queryparser-serql-2.2.2.jar;C:\Users\rikay\.m2\repository\org\eclipse\rdf4j\rdf4j-sail-model\2.2.2\rdf4j-sail-model-2.2.2.jar;C:\Users\rikay\.m2\repository\org\eclipse\rdf4j\rdf4j-queryalgebra-evaluation\2.2.2\rdf4j-queryalgebra-evaluation-2.2.2.jar;C:\Users\rikay\.m2\repository\org\eclipse\rdf4j\rdf4j-util\2.2.2\rdf4j-util-2.2.2.jar;C:\Users\rikay\.m2\repository\org\eclipse\rdf4j\rdf4j-repository-sail\2.2.2\rdf4j-repository-sail-2.2.2.jar;C:\Users\rikay\.m2\repository\eu\optique-project\r2rml-api-core\0.9.1\r2rml-api-core-0.9.1.jar;C:\Users\rikay\.m2\repository\eu\optique-project\r2rml-api-rdf4j-binding\0.9.1\r2rml-api-rdf4j-binding-0.9.1.jar;C:\Users\rikay\.m2\repository\it\unibz\inf\ontop\ontop-mapping-sql-owlapi\5.4.1\ontop-mapping-sql-owlapi-5.4.1.jar;C:\Users\rikay\.m2\repository\it\unibz\inf\ontop\ontop-reformulation-sql\5.4.1\ontop-reformulation-sql-5.4.1.jar;C:\Users\rikay\.m2\repository\it\unibz\inf\ontop\ontop-system-sql-core\5.4.1\ontop-system-sql-core-5.4.1.jar;C:\Users\rikay\.m2\repository\org\apache\tomcat\tomcat-jdbc\9.0.108\tomcat-jdbc-9.0.108.jar;C:\Users\rikay\.m2\repository\org\apache\tomcat\tomcat-juli\9.0.108\tomcat-juli-9.0.108.jar;C:\Users\rikay\.m2\repository\com\zaxxer\HikariCP\3.4.5\HikariCP-3.4.5.jar;C:\Users\rikay\.m2\repository\it\unibz\inf\ontop\ontop-protege-plugin\5.4.1\ontop-protege-plugin-5.4.1.jar;C:\Users\rikay\.m2\repository\org\osgi\org.osgi.core\6.0.0\org.osgi.core-6.0.0.jar;C:\Users\rikay\.m2\repository\xerces\xercesImpl\2.12.2\xercesImpl-2.12.2.jar;C:\Users\rikay\.m2\repository\org\abego\treelayout\org.abego.treelayout.core\1.0.3\org.abego.treelayout.core-1.0.3.jar;C:\Users\rikay\.m2\repository\org\glassfish\javax.json\1.0.4\javax.json-1.0.4.jar;C:\Users\rikay\.m2\repository\com\ibm\icu\icu4j\58.2\icu4j-58.2.jar;C:\Users\rikay\.m2\repository\com\google\guava\failureaccess\1.0.1\failureaccess-1.0.1.jar;C:\Users\rikay\.m2\repository\it\unibz\inf\ontop\ontop-mapping-core\5.4.1\ontop-mapping-core-5.4.1.jar;C:\Users\rikay\.m2\repository\com\moandjiezana\toml\toml4j\0.7.2\toml4j-0.7.2.jar;C:\Users\rikay\.m2\repository\org\antlr\antlr4-runtime\4.13.1\antlr4-runtime-4.13.1.jar;C:\Users\rikay\.m2\repository\org\eclipse\rdf4j\rdf4j-rio-turtle\5.1.4\rdf4j-rio-turtle-5.1.4.jar;C:\Users\rikay\.m2\repository\it\unibz\inf\ontop\ontop-obda-core\5.4.1\ontop-obda-core-5.4.1.jar;C:\Users\rikay\.m2\repository\org\javabits\jgrapht\jgrapht-core\0.9.3\jgrapht-core-0.9.3.jar;C:\Users\rikay\.m2\repository\it\unibz\inf\ontop\ontop-rdf4j\5.4.1\ontop-rdf4j-5.4.1.jar;C:\Users\rikay\.m2\repository\org\apache\httpcomponents\httpcore\4.4.14\httpcore-4.4.14.jar;C:\Users\rikay\.m2\repository\com\github\jsonld-java\jsonld-java\0.13.0\jsonld-java-0.13.0.jar;C:\Users\rikay\.m2\repository\org\eclipse\rdf4j\rdf4j-repository-sparql\5.1.4\rdf4j-repository-sparql-5.1.4.jar;C:\Users\rikay\.m2\repository\org\eclipse\rdf4j\rdf4j-http-client\5.1.4\rdf4j-http-client-5.1.4.jar;C:\Users\rikay\.m2\repository\org\eclipse\rdf4j\rdf4j-http-protocol\5.1.4\rdf4j-http-protocol-5.1.4.jar;C:\Users\rikay\.m2\repository\org\eclipse\rdf4j\rdf4j-queryresultio-api\5.1.4\rdf4j-queryresultio-api-5.1.4.jar;C:\Users\rikay\.m2\repository\org\eclipse\rdf4j\rdf4j-queryresultio-binary\5.1.4\rdf4j-queryresultio-binary-5.1.4.jar;C:\Users\rikay\.m2\repository\org\eclipse\rdf4j\rdf4j-sail-api\5.1.4\rdf4j-sail-api-5.1.4.jar;C:\Users\rikay\.m2\repository\org\eclipse\rdf4j\rdf4j-collection-factory-api\5.1.4\rdf4j-collection-factory-api-5.1.4.jar;C:\Users\rikay\.m2\repository\org\eclipse\rdf4j\rdf4j-queryresultio-sparqlxml\5.1.4\rdf4j-queryresultio-sparqlxml-5.1.4.jar;C:\Users\rikay\.m2\repository\org\eclipse\rdf4j\rdf4j-rio-nquads\5.1.4\rdf4j-rio-nquads-5.1.4.jar;C:\Users\rikay\.m2\repository\org\eclipse\rdf4j\rdf4j-repository-api\5.1.4\rdf4j-repository-api-5.1.4.jar;C:\Users\rikay\.m2\repository\org\eclipse\rdf4j\rdf4j-common-transaction\5.1.4\rdf4j-common-transaction-5.1.4.jar;C:\Users\rikay\.m2\repository\org\eclipse\rdf4j\rdf4j-rio-api\5.1.4\rdf4j-rio-api-5.1.4.jar;C:\Users\rikay\.m2\repository\org\eclipse\rdf4j\rdf4j-common-xml\5.1.4\rdf4j-common-xml-5.1.4.jar;C:\Users\rikay\.m2\repository\no\hasmac\hasmac-json-ld\0.9.0\hasmac-json-ld-0.9.0.jar;C:\Users\rikay\.m2\repository\org\eclipse\rdf4j\rdf4j-queryrender\5.1.4\rdf4j-queryrender-5.1.4.jar;C:\Users\rikay\IdeaProjects\onprom\ocel\target\classes;C:\Users\rikay\.m2\repository\org\python\jython\2.7.2\jython-2.7.2.jar;C:\Users\rikay\.m2\repository\org\python\jython-standalone\2.7.2\jython-standalone-2.7.2.jar;C:\Users\rikay\.m2\repository\dom4j\dom4j\1.6.1\dom4j-1.6.1.jar;C:\Users\rikay\.m2\repository\jaxen\jaxen\1.2.0\jaxen-1.2.0.jar;C:\Users\rikay\.m2\repository\com\alibaba\fastjson\1.2.79\fastjson-1.2.79.jar;C:\Users\rikay\.m2\repository\commons-io\commons-io\2.11.0\commons-io-2.11.0.jar;C:\Users\rikay\.m2\repository\org\projectlombok\lombok\1.18.42\lombok-1.18.42.jar;C:\Users\rikay\.m2\repository\com\github\fge\json-schema-validator\2.2.6\json-schema-validator-2.2.6.jar;C:\Users\rikay\.m2\repository\joda-time\joda-time\2.3\joda-time-2.3.jar;C:\Users\rikay\.m2\repository\com\googlecode\libphonenumber\libphonenumber\6.2\libphonenumber-6.2.jar;C:\Users\rikay\.m2\repository\com\github\fge\json-schema-core\1.2.5\json-schema-core-1.2.5.jar;C:\Users\rikay\.m2\repository\com\github\fge\uri-template\0.9\uri-template-0.9.jar;C:\Users\rikay\.m2\repository\com\github\fge\msg-simple\1.1\msg-simple-1.1.jar;C:\Users\rikay\.m2\repository\com\github\fge\btf\1.2\btf-1.2.jar;C:\Users\rikay\.m2\repository\com\github\fge\jackson-coreutils\1.8\jackson-coreutils-1.8.jar;C:\Users\rikay\.m2\repository\org\mozilla\rhino\1.7R4\rhino-1.7R4.jar;C:\Users\rikay\.m2\repository\javax\mail\mailapi\1.4.3\mailapi-1.4.3.jar;C:\Users\rikay\.m2\repository\javax\activation\activation\1.1\activation-1.1.jar;C:\Users\rikay\.m2\repository\net\sf\jopt-simple\jopt-simple\4.6\jopt-simple-4.6.jar;C:\Users\rikay\.m2\repository\it\unimi\dsi\fastutil\8.5.6\fastutil-8.5.6.jar;C:\Users\rikay\.m2\repository\com\google\guava\guava\31.0.1-jre\guava-31.0.1-jre.jar;C:\Users\rikay\.m2\repository\com\google\guava\listenablefuture\9999.0-empty-to-avoid-conflict-with-guava\listenablefuture-9999.0-empty-to-avoid-conflict-with-guava.jar;C:\Users\rikay\.m2\repository\com\google\errorprone\error_prone_annotations\2.7.1\error_prone_annotations-2.7.1.jar;C:\Users\rikay\.m2\repository\com\google\j2objc\j2objc-annotations\1.3\j2objc-annotations-1.3.jar;C:\Users\rikay\.m2\repository\com\google\code\gson\gson\2.10.1\gson-2.10.1.jar;C:\Users\rikay\.m2\repository\deckfour\spex\1.0\spex-1.0.jar;C:\Users\rikay\.m2\repository\deckfour\openxes\2.26\openxes-2.26.jar;C:\Users\rikay\.m2\repository\io\github\andreas-solti\xeslite\xeslite\0.0.1\xeslite-0.0.1.jar;C:\Users\rikay\.m2\repository\com\github\stephenc\high-scale-lib\high-scale-lib\1.1.4\high-scale-lib-1.1.4.jar;C:\Users\rikay\.m2\repository\net\jpountz\lz4\lz4\1.3\lz4-1.3.jar;C:\Users\rikay\.m2\repository\eu\danieldk\dictomaton\dictomaton\1.2.1\dictomaton-1.2.1.jar;C:\Users\rikay\.m2\repository\org\mapdb\mapdb\2.0-beta13\mapdb-2.0-beta13.jar;C:\Users\rikay\.m2\repository\ch\qos\logback\logback-core\1.2.10\logback-core-1.2.10.jar;C:\Users\rikay\.m2\repository\javax\xml\bind\jaxb-api\2.3.1\jaxb-api-2.3.1.jar;C:\Users\rikay\.m2\repository\javax\activation\javax.activation-api\1.2.0\javax.activation-api-1.2.0.jar;C:\Users\rikay\.m2\repository\it\unibz\inf\ontop\ontop-test-utils\5.4.1\ontop-test-utils-5.4.1.jar;C:\Users\rikay\.m2\repository\org\jfree\jfreechart\1.5.3\jfreechart-1.5.3.jar;C:\Users\rikay\.m2\repository\com\vdurmont\semver4j\3.1.0\semver4j-3.1.0.jar;C:\Users\rikay\.m2\repository\org\apache\maven\maven-model\3.8.4\maven-model-3.8.4.jar;C:\Users\rikay\.m2\repository\org\codehaus\plexus\plexus-utils\3.3.0\plexus-utils-3.3.0.jar;C:\Users\rikay\.m2\repository\org\graphstream\gs-core\1.3\gs-core-1.3.jar;C:\Users\rikay\.m2\repository\org\graphstream\pherd\1.0\pherd-1.0.jar;C:\Users\rikay\.m2\repository\org\graphstream\mbox2\1.0\mbox2-1.0.jar;C:\Users\rikay\.m2\repository\org\graphstream\gs-algo\1.3\gs-algo-1.3.jar;C:\Users\rikay\.m2\repository\org\apache\commons\commons-math\2.1\commons-math-2.1.jar;C:\Users\rikay\.m2\repository\org\apache\commons\commons-math3\3.4.1\commons-math3-3.4.1.jar;C:\Users\rikay\.m2\repository\org\graphstream\gs-ui\1.3\gs-ui-1.3.jar;C:\Users\rikay\.m2\repository\org\scala-lang\scala-library\2.10.1\scala-library-2.10.1.jar;C:\Users\rikay\.m2\repository\junit\junit\4.13.2\junit-4.13.2.jar;C:\Users\rikay\.m2\repository\org\hamcrest\hamcrest-core\1.3\hamcrest-core-1.3.jar;C:\Users\rikay\.m2\repository\ch\qos\logback\logback-classic\1.2.10\logback-classic-1.2.10.jar;C:\Users\rikay\.m2\repository\org\slf4j\slf4j-api\1.7.32\slf4j-api-1.7.32.jar;C:\Program Files\JetBrains\IntelliJ IDEA 2024.3.5\lib\idea_rt.jar
Launcher Type: SUN_STANDARD

[Global flags]
     intx CICompilerCount                          = 4                                         {product} {ergonomic}
     uint ConcGCThreads                            = 2                                         {product} {ergonomic}
     uint G1ConcRefinementThreads                  = 8                                         {product} {ergonomic}
   size_t G1HeapRegionSize                         = 2097152                                   {product} {ergonomic}
    uintx GCDrainStackTargetSize                   = 64                                        {product} {ergonomic}
   size_t InitialHeapSize                          = 264241152                                 {product} {ergonomic}
   size_t MarkStackSize                            = 4194304                                   {product} {ergonomic}
   size_t MaxHeapSize                              = 4225761280                                {product} {ergonomic}
   size_t MaxNewSize                               = 2535456768                                {product} {ergonomic}
   size_t MinHeapDeltaBytes                        = 2097152                                   {product} {ergonomic}
   size_t MinHeapSize                              = 8388608                                   {product} {ergonomic}
    uintx NonNMethodCodeHeapSize                   = 5839372                                {pd product} {ergonomic}
    uintx NonProfiledCodeHeapSize                  = 122909434                              {pd product} {ergonomic}
    uintx ProfiledCodeHeapSize                     = 122909434                              {pd product} {ergonomic}
    uintx ReservedCodeCacheSize                    = 251658240                              {pd product} {ergonomic}
     bool SegmentedCodeCache                       = true                                      {product} {ergonomic}
   size_t SoftMaxHeapSize                          = 4225761280                             {manageable} {ergonomic}
     bool UseCompressedOops                        = true                           {product lp64_product} {ergonomic}
     bool UseG1GC                                  = true                                      {product} {ergonomic}
     bool UseLargePagesIndividualAllocation        = false                                  {pd product} {ergonomic}

Logging:
Log output configuration:
 #0: stdout all=warning uptime,level,tags foldmultilines=false
 #1: stderr all=off uptime,level,tags foldmultilines=false

Environment Variables:
JAVA_HOME=C:\Program Files\Java\jdk-21
PATH=C:\Program Files\ImageMagick-7.1.2-Q16-HDRI;C:\Program Files\Java\jdk-21\bin;C:\WINDOWS\system32;C:\WINDOWS;C:\WINDOWS\System32\Wbem;C:\WINDOWS\System32\WindowsPowerShell\v1.0\;C:\WINDOWS\System32\OpenSSH\;C:\Program Files\PowerShell\7\;C:\Program Files (x86)\dotnet\;C:\Users\rikay\AppData\Roaming\nvm;C:\Program Files\nodejs;C:\Program Files\dotnet\;C:\Program Files\gs\gs10.01.2\bin;C:\Program Files\nodejs\;C:\Program Files\Git\cmd;C:\Program Files (x86)\Microsoft SQL Server\160\Tools\Binn\;C:\Program Files\Microsoft SQL Server\160\Tools\Binn\;C:\Program Files\Microsoft SQL Server\Client SDK\ODBC\170\Tools\Binn\;C:\Program Files\Microsoft SQL Server\160\DTS\Binn\;C:\Program Files\Microsoft SQL Server Migration Assistant for MySQL\bin\;C:\oracle\instantclient_23_7;C:\Program Files (x86)\Meld\;C:\Tools\apache-maven-3.9.11\bin;C:\Program Files\Git LFS;C:\Users\rikay\yices2\build\x86_64-pc-mingw64-release\static_dist\bin;C:\Users\rikay\OneDrive\Documents\Apps\optimathsat-1.7.3-windows-64-bit-mingw\bin;C:\Strawberry\c\bin;C:\Strawberry\perl\site\bin;C:\Strawberry\perl\bin;C:\Users\rikay\AppData\Local\activestate\cache\bin;C:\Users\rikay\AppData\Local\ActiveState\StateTool\release\bin;C:\Users\rikay\AppData\Local\Microsoft\WindowsApps;C:\Program Files\JetBrains\PyCharm 2021.1.3\bin;;C:\Users\rikay\AppData\Local\Programs\Microsoft VS Code\bin;C:\Program Files\JetBrains\IntelliJ IDEA 2021.3.2\bin;;C:\Program Files\JetBrains\IntelliJ IDEA 2021.3.2\plugins\maven\lib\maven3\bin;C:\Users\rikay\AppData\Roaming\nvm;C:\Program Files\nodejs;C:\Users\rikay\OneDrive\Documents\Apps\enblend-enfuse\bin;C:\Program Files\HDRMerge;C:\Users\rikay\AppData\Roaming\npm;C:\Users\rikay\AppData\Local\Programs\Python\Python312;C:\Users\rikay\OneDrive\Documents\focus-stack;C:\mysql-commercial-9.3.0-winx64\bin;C:\Program Files\PostgreSQL\17\bin;C:\Users\rikay\AppData\Local\Programs\Python\Python312\Scripts;C:\Users\rikay\AppData\Local\Programs\Ollama;C:\Users\rikay\AppData\Local\Pandoc\;C:\Users\rikay\AppData\Local\Microsoft\WinGet\Links;C:\Users\rikay\AppData\Local\Programs\MiKTeX\miktex\bin\x64\
USERNAME=rikay
OS=Windows_NT
PROCESSOR_IDENTIFIER=Intel64 Family 6 Model 140 Stepping 1, GenuineIntel
TMP=C:\Users\rikay\AppData\Local\Temp
TEMP=C:\Users\rikay\AppData\Local\Temp




Periodic native trim disabled

---------------  S Y S T E M  ---------------

OS:
 Windows 11 , 64 bit Build 26100 (10.0.26100.8246)
OS uptime: 10 days 5:31 hours
Hyper-V role detected

CPU: total 8 (initial active 8) (4 cores per cpu, 2 threads per core) family 6 model 140 stepping 1 microcode 0xbe, cx8, cmov, fxsr, ht, mmx, 3dnowpref, sse, sse2, sse3, ssse3, sse4.1, sse4.2, popcnt, lzcnt, tsc, tscinvbit, avx, avx2, aes, erms, clmul, bmi1, bmi2, adx, avx512f, avx512dq, avx512cd, avx512bw, avx512vl, sha, fma, vzeroupper, avx512_vpopcntdq, avx512_vpclmulqdq, avx512_vaes, avx512_vnni, clflush, clflushopt, clwb, avx512_vbmi2, avx512_vbmi, hv, rdtscp, rdpid, fsrm, gfni, avx512_bitalg, f16c, cet_ibt, cet_ss, avx512_ifma
Processor Information for all 8 processors :
  Max Mhz: 2803, Current Mhz: 2803, Mhz Limit: 2803

Memory: 4k page, system-wide physical 16112M (2535M free)
TotalPageFile size 40255M (AvailPageFile size 11404M)
current process WorkingSet (physical memory assigned to process): 683M, peak: 960M
current process commit charge ("private bytes"): 778M, peak: 956M

vm_info: Java HotSpot(TM) 64-Bit Server VM (21.0.1+12-LTS-29) for windows-amd64 JRE (21.0.1+12-LTS-29), built on 2023-10-05T13:27:09Z by "mach5one" with MS VC++ 17.1 (VS2022)

END.
